Type,Count,Status,Suggestion,Sources,Examples
"Standard Merchant",365,"vendor_review","","legacy_wiki=175; npc=190","Defliaa (npc); Brave Ox (npc); Dabih Jajalioh (npc); Areebah (npc); Brunhilde (npc); Teleen (npc)"
"Gobbie Mystery Box Vendor",22,"vendor_review","","legacy_wiki=11; npc=11","Sweepstox (npc); Funtrox (npc); Habitox (npc); Winrix (npc); Wondrix (npc); Specilox (npc)"
"Standard Merchant NPC",12,"vendor_review","","legacy_wiki=12","Teleen (legacy_wiki); Boncort (legacy_wiki); Pevovo (legacy_wiki); Coullave (legacy_wiki); Tavourine (legacy_wiki); Justi (legacy_wiki)"
"Fishing Merchant",10,"vendor_review","","npc=10","Cehn Teyohngo (npc); Mep Nhapopoluko (npc); Wahnid (npc); Mendoline (npc); Lokhong (npc); Pashi Maccaleh (npc)"
"VCS Chocobuck Exchange Depot Vendor",8,"vendor_review","","legacy_wiki=4; npc=4","Palabelle (npc); Robino-Mobino (Windurst Woods) (npc); Gavoroi (npc); Toppi-Meppi (npc); Palabelle (legacy_wiki); Robino-Mobino (Windurst Woods) (legacy_wiki)"
"Merchant",7,"vendor_review","","legacy_wiki=2; npc=5","Blabbivix (npc); Deumagneot (npc); Gaudylox (npc); Silent Rooster (npc); Spondulix (npc); Silent Rooster (legacy_wiki)"
"Clothcraft Merchant",6,"vendor_review","","npc=6","Geltpix (npc); Tilala (npc); Taten-Bilten (npc); Gibol (npc); Kuzah Hpirohpon (npc); Meriri (npc)"
"Imperial Merchant",6,"vendor_review","","legacy_wiki=2; npc=4","Kazween (npc); Mariyaam (npc); Awaheen (npc); Ugrihd (npc); Ugrihd (legacy_wiki); Awaheen (legacy_wiki)"
"Smithing Merchant",6,"vendor_review","","npc=6","Ndego (npc); Mololo (npc); Vicious Eye (npc); Doggomehr (npc); Amulya (npc); Kamilah (npc)"
"Goldsmithing Merchant",5,"vendor_review","","npc=5","Celestina (npc); Bornahn (npc); Yabby Tanmikey (npc); Teerth (npc); Visala (npc)"
"Alchemy Guild Merchant",4,"vendor_review","","npc=4","Odoba (npc); Gathweeda (npc); Wahraga (npc); Maymunah (npc)"
"Boat Ticket Vendor",4,"vendor_review","","legacy_wiki=2; npc=2","Atiza (npc); Tswe Panipahr (npc); Atiza (legacy_wiki); Tswe Panipahr (legacy_wiki)"
"Cruor Merchant",4,"vendor_review","","legacy_wiki=2; npc=2","Chocobo Tamer (npc); Lined Casket (npc); Chocobo Tamer (legacy_wiki); Lined Casket (legacy_wiki)"
"Woodworking Merchant",4,"vendor_review","","npc=4","Dehbi Moshal (npc); Beugungel (npc); Chaupire (npc); Cauzeriste (npc)"
"Escha Vendor",3,"vendor_review","","npc=3","Shiftrix (npc); Dremi (npc); Affi (npc)"
"HTMB Vendor",3,"vendor_review","","npc=3","Mimble-Pimble (npc); Trisvain (npc); Raving Opossum (npc)"
"Traveling Merchant",3,"vendor_review","","legacy_wiki=1; npc=2","Valeriano (npc); Ominous Cloud (npc); Ominous Cloud (legacy_wiki)"
"World Pass Merchant",3,"vendor_review","","legacy_wiki=3","Kachada (legacy_wiki); Ambleon (legacy_wiki); Gamimi (legacy_wiki)"
"Bonecraft | Guild Merchant",2,"vendor_review","","npc=2","Retto-Marutto (npc); Shih Tayuun (npc)"
"Cooking Merchant",2,"vendor_review","","npc=2","Chomo Jinjahl (npc); Kopopo (npc)"
"Einherjar Merchant",2,"vendor_review","","legacy_wiki=1; npc=1","Kilusha (npc); Kilusha (legacy_wiki)"
"Goldfish Scooping Vendor",2,"vendor_review","","legacy_wiki=1; npc=1","Saradorial (npc); Saradorial (legacy_wiki)"
"Guild Merchant (Alchemy)",2,"vendor_review","","legacy_wiki=2","Odoba (legacy_wiki); Maymunah (legacy_wiki)"
"Guild Merchant NPC",2,"vendor_review","","legacy_wiki=2","Amulya (legacy_wiki); Geltpix (legacy_wiki)"
"Guild Merchant NPC: Culinarians' Guild",2,"vendor_review","","legacy_wiki=2","Chomo Jinjahl (legacy_wiki); Kopopo (legacy_wiki)"
"Guild Merchant NPC: Woodworking Guild",2,"vendor_review","","legacy_wiki=2","Dehbi Moshal (legacy_wiki); Chaupire (legacy_wiki)"
"HELM Vendor",2,"vendor_review","","npc=2","Floralie (npc); Kithvalio (npc)"
"HELM Vendor NPC",2,"vendor_review","","legacy_wiki=2","Floralie (legacy_wiki); Kithvalio (legacy_wiki)"
"Leathercraft Merchant",2,"vendor_review","","npc=2","Cletae (npc); Kueh Igunahmori (npc)"
"Merchant NPC",2,"vendor_review","","legacy_wiki=2","Blabbivix (legacy_wiki); Spondulix (legacy_wiki)"
"Mweya Plasm Merchant",2,"vendor_review","","legacy_wiki=1; npc=1","Forri-Porri (npc); Forri-Porri (legacy_wiki)"
"Obsidian Fragment Merchant",2,"vendor_review","","legacy_wiki=1; npc=1","Ornery Dhole (npc); Ornery Dhole (legacy_wiki)"
"Pankration Item Merchant",2,"vendor_review","","legacy_wiki=1; npc=1","Zandjarl (npc); Zandjarl (legacy_wiki)"
"Peacekeepers' Coalition Reward Bayld Vendor NPC",2,"vendor_review","","legacy_wiki=1; npc=1","Vesca (npc); Vesca (legacy_wiki)"
"Aether Fragment Shop",1,"vendor_review","","catseye_npc=1","Aether Traveler (catseye_npc)"
"Assault Gear Vendor",1,"vendor_review","","catseye_npc=1","Wildcat Armorer (catseye_npc)"
"Astrolabe Vendor",1,"vendor_review","","npc=1","Churano-Shurano (npc)"
"Batagreens Vendor",1,"vendor_review","","npc=1","Phairet (npc)"
"Bayld Vendor",1,"vendor_review","","npc=1","Zenicca (npc)"
"CW Key Vendor",1,"vendor_review","","catseye_npc=1","Picklox (catseye_npc)"
"Chair Shop",1,"vendor_review","","catseye_npc=1","Teodor (catseye_npc)"
"Conquest Item Vendor",1,"vendor_review","","catseye_npc=1","Jeuno Envoy (catseye_npc)"
"Curio Shop",1,"vendor_review","","catseye_npc=1","Curio Moogle (catseye_npc)"
"Curio Vendor",1,"vendor_review","","npc=1","Curio Vendor Moogle (npc)"
"Event Vendor",1,"vendor_review","","npc=1","Fablinix (npc)"
"Ferry Ticket Vendor",1,"vendor_review","","legacy_wiki=1","Tazhaal (legacy_wiki)"
"GEO Spell Shop",1,"vendor_review","","catseye_npc=1","Sylvie (catseye_npc)"
"Garments Shop",1,"vendor_review","","item=1","Door:Othon's Garments (item)"
"Grocery Shop",1,"vendor_review","","item=1","Door:Raimbroy's Grocery (item)"
"Guild Merchant (Woodworking)",1,"vendor_review","","legacy_wiki=1","Cauzeriste (legacy_wiki)"
"Guild Merchant NPC: Alchemy Guild :Open: 8:00 - 23:00. :Shares stock with Gathweeda.",1,"vendor_review","","legacy_wiki=1","Wahraga (legacy_wiki)"
"Guild Merchant NPC: Alchemy Guild :Open: 8:00 - 23:00. :Shares stock with Wahraga.",1,"vendor_review","","legacy_wiki=1","Gathweeda (legacy_wiki)"
"Guild Merchant NPC: Bonecraft Guild",1,"vendor_review","","legacy_wiki=1","Shih Tayuun (legacy_wiki)"
"Guild Merchant NPC: Bonecraft Guild *Open: 24 hours. *No longer closed Windsday. *No longer shares stock with Shih Tayuun, and prices are static. *Has much higher stock limits than Shih Tayuun, but can be depleted. *Stock is replenished over time.",1,"vendor_review","","legacy_wiki=1","Retto-Marutto (legacy_wiki)"
"Guild Merchant NPC: Clothcraft Guild :Open 24 hours :No longer shares stock with Tilala. :Sells the same items as Kuzah Hpirohpon in Windurst Woods. :Never runs out of stock.",1,"vendor_review","","legacy_wiki=1","Gibol (legacy_wiki)"
"Guild Merchant NPC: Clothcraft Guild :Open: 6:00 - 21:00 :No longer closed Firesday :Refuses to sell items if Allard is taken prisoner.",1,"vendor_review","","legacy_wiki=1","Taten-Bilten (legacy_wiki)"
"Guild Merchant NPC: Clothcraft Guild :Open: 6:00 - 21:00 :No longer shares stock with Gibol.",1,"vendor_review","","legacy_wiki=1","Tilala (legacy_wiki)"
"Guild Merchant NPC: Fishermans' Guild :Open: 3:00 - 18:00",1,"vendor_review","","legacy_wiki=1","Babubu (legacy_wiki)"
"Guild Merchant NPC: Fishing Guild :Open: 1:00 - 18:00",1,"vendor_review","","legacy_wiki=1","Wahnid (legacy_wiki)"
"Guild Merchant NPC: Fishing Guild :Open: 1:00 - 23:00 :Similar to, but does not share stock with Lokhong.",1,"vendor_review","","legacy_wiki=1","Rajmonda (legacy_wiki)"
"Guild Merchant NPC: Fishing Guild :Open: 1:00 - 23:00 :Similar to, but does not share stock with Rajmonda.",1,"vendor_review","","legacy_wiki=1","Lokhong (legacy_wiki)"
"Guild Merchant NPC: Fishing Guild :Open: 3:00 - 18:00 :Shares stock with Graegham",1,"vendor_review","","legacy_wiki=1","Mendoline (legacy_wiki)"
"Guild Merchant NPC: Fishing Guild :Open: 3:00 - 18:00 :Shares stock with Mendoline.",1,"vendor_review","","legacy_wiki=1","Graegham (legacy_wiki)"
"Guild Merchant NPC: Goldsmithing Guild :Open: 8:00 - 23:00 :Refuses to sell items if Zafif is taken prisoner.",1,"vendor_review","","legacy_wiki=1","Bornahn (legacy_wiki)"
"Guild Merchant NPC: Leathercraft :Open: 3:00 - 18:00 :No longer closed Iceday",1,"vendor_review","","legacy_wiki=1","Kueh Igunahmori (legacy_wiki)"
"Guild Merchant NPC: Smithing Guild",1,"vendor_review","","legacy_wiki=1","Lucretia (legacy_wiki)"
"Guild Merchant NPC: Smithing Guild :Open: 8:00 - 23:00",1,"vendor_review","","legacy_wiki=1","Doggomehr (legacy_wiki)"
"Guild Merchant NPC: Smithing Guild :Open: 8:00 - 23:00 :Closed: No longer closed on Watersday. :Refuses to sell items if Kahah Hobichai is taken prisoner.",1,"vendor_review","","legacy_wiki=1","Ndego (legacy_wiki)"
"Guild Merchant NPC: Weaver's Guild :Open: 6:00 - 21:00 hours :No longer shares stock with Meriri. :Sells the same items as Gibol in Selbina.{{Verification",1,"vendor_review","","legacy_wiki=1","Kuzah Hpirohpon (legacy_wiki)"
"Guild Merchant NPC: Weavers' Guild :Open: 24 Hours :No longer shares stock with Kuzah Hpirohpon. :Never runs out of stock.",1,"vendor_review","","legacy_wiki=1","Meriri (legacy_wiki)"
"Guild Merchant NPC: Woodworking Guild :Open: 5:00 - 22:00 :Never runs out of stock.",1,"vendor_review","","legacy_wiki=1","Beugungel (legacy_wiki)"
"Guild Merchant: Tanners' Guild (San d'Oria)",1,"vendor_review","","legacy_wiki=1","Cletae (legacy_wiki)"
"HELM Venture Shop",1,"vendor_review","","catseye_npc=1","Alternix (catseye_npc)"
"ISNM Vendor",1,"vendor_review","","npc=1","Shajaf (npc)"
"Inventor's Coalition Reward Bayld Vendor NPC",1,"vendor_review","","legacy_wiki=1","Ceciliotte (legacy_wiki)"
"Library Vendor",1,"vendor_review","","npc=1","Patient Snake (npc)"
"Linkshell Dealer :Shop Hours: 12:00 - 20:00, Closed Darksday",1,"vendor_review","","legacy_wiki=1","Khel Pahlhama (legacy_wiki)"
"Map Vendor NPC",1,"vendor_review","","legacy_wiki=1","Sifa Alani (legacy_wiki)"
"Merchant NPC :Open from 11:00 to 22:00",1,"vendor_review","","legacy_wiki=1","Gaudylox (legacy_wiki)"
"Mog Vault Shop",1,"vendor_review","","catseye_npc=1","Moggy (catseye_npc)"
"PFP Shop",1,"vendor_review","","catseye_npc=1","Cerdoux (catseye_npc)"
"PUP Attachment Shop",1,"vendor_review","","catseye_npc=1","Mnejing (catseye_npc)"
"Pioneer's Coalition Reward Bayld Vendor NPC",1,"vendor_review","","legacy_wiki=1","Zenicca (legacy_wiki)"
"Quiver Merchant",1,"vendor_review","","npc=1","Nokkhi Jinjahl (npc)"
"Rhapsodies of Vana'diel Merchant",1,"vendor_review","","legacy_wiki=1","Curio Vendor Moogle (legacy_wiki)"
"Special Event Coordinator NPC, Special Event Merchant NPC",1,"vendor_review","","legacy_wiki=1","Charmealaut (legacy_wiki)"
"Special Merchant",1,"vendor_review","","npc=1","Tucker (npc)"
"Standard (Traveling) Merchant",1,"vendor_review","","legacy_wiki=1","Valeriano (legacy_wiki)"
"Standard Merchant :Open from 11:00 to 22:00",1,"vendor_review","","legacy_wiki=1","Scavnix (legacy_wiki)"
"Summit AP Shop",1,"vendor_review","","catseye_npc=1","Ruspix (catseye_npc)"
"Summit AP Shop & Warp",1,"vendor_review","","catseye_npc=1","Ygnas (catseye_npc)"
"Traveling Merchant NPC - Quiver-Maker",1,"vendor_review","","legacy_wiki=1","Nokkhi Jinjahl (legacy_wiki)"
"Voidwatch Vendor",1,"vendor_review","","npc=1","Voidwatch Purveyor (npc)"
"Waypoint Vendor",1,"vendor_review","","npc=1","Jausephiane (npc)"
"Wildskeeper Vendor",1,"vendor_review","","npc=1","Dimmian (npc)"
"Campaign",98,"review","","npc=98","Perna-Parna, C.C. (npc); Hedioste, R.K. (npc); Dancing Thunder, L.C. (npc); Ulaciont, R.K. (npc); Yhu Lyehga, M.C. (npc); Amaliya, C.A. (npc)"
"Campaign NPC",93,"review","","legacy_wiki=87; npc=6","Nudara (S) (npc); Bernhard (npc); Kadjaya (npc); Ilgusin (npc); Gentle Tiger (S) (npc); Kagetora (S) (npc)"
"Campaign Battle",50,"review","","npc=50","Patriarch Protector (npc); Ariesian Caster (npc); Royal Esquire (npc); Thunder Fiend (npc); Wildcat Vanguard (npc); Scylla Brigade Healer (npc)"
"Mission",45,"review","","legacy_wiki=4; npc=41","Chero-Machero (npc); Karazahm (npc); Judith (npc); Lilisette (npc); Wegellion (npc); Rochefogne (npc)"
"Past Event Watcher",44,"review","","legacy_wiki=2; npc=42","Colleraie (npc); Dohhel (npc); Gorvik (npc); Bheva Grantih (npc); Jedelaih (npc); Melledanne (npc)"
"Melody Minstrel",40,"review","","legacy_wiki=40","Dohhel (legacy_wiki); Gorvik (legacy_wiki); Bheva Grantih (legacy_wiki); Melledanne (legacy_wiki); Dalba (legacy_wiki); Beyzen (legacy_wiki)"
"Weather Reporter",33,"review","","legacy_wiki=15; npc=18","Eya Bhithroh (npc); Fo Mocorho (npc); Wachiwi (npc); Inthius (npc); Svana (npc); Maleme (npc)"
"Special Event",29,"review","","npc=29","Spriggan Sifter (NPC) (npc); Delightful Drake (npc); Trick Shadow (npc); Bikho Ronpotteh (npc); Valentione Single (npc); Slarin (npc)"
"VCS Chocobo Racing Associate",29,"review","","legacy_wiki=14; npc=15","Rungaga (npc); Turumi-Byrumi (npc); Monteverle (npc); Galienne (npc); Goccilo (npc); Jazgeh (npc)"
"Abyssea Support",28,"review","","legacy_wiki=14; npc=14","Erich (npc); Fabien (npc); Jerrett (npc); Joachim (npc); Horst (npc); Adrian (npc)"
"Special Event NPC",28,"review","","legacy_wiki=28","Delightful Drake (legacy_wiki); Trick Shadow (legacy_wiki); Bikho Ronpotteh (legacy_wiki); Valentione Single (legacy_wiki); Slarin (legacy_wiki); Horro (legacy_wiki)"
"Campaign Battle Ally",24,"review","","npc=24","2nd Legion Scout (npc); Maximilian (npc); Kurt (npc); Else (npc); Allied Belfry (npc); 8th Iron Musketeer (npc)"
"Riding the Clouds",22,"review","","npc=22","Taurette (npc); Gabwaleid (npc); Kupipi (npc); Raminel (npc); Raibaht (npc); Sheridan (npc)"
"Chocobo Betting",20,"review","","npc=20","Failene (npc); Olega (npc); Gerlbotz (npc); Fhaht Beablrucch (npc); Lengussant (npc); Piana (npc)"
"Serpent General",20,"review","","legacy_wiki=10; npc=10","Najelith (npc); Rughadjeen (npc); Mihli Aliapoh (npc); General Zazarg (npc); Zazarg (npc); General Najelith (npc)"
"Assault",19,"review","","legacy_wiki=4; npc=15","Black Badge Mamool Ja (npc); Zahakahm (npc); Yazuhma (npc); Qiqirn Spy (npc); Mamool Ja Governor (npc); Qiqirn Diver (npc)"
"Auction House Representative",19,"review","","legacy_wiki=19","Eliot (legacy_wiki); Sojan-Tamjan (legacy_wiki); Cavalgrinne (legacy_wiki); Goyuyu (legacy_wiki); Ferocious Artisan (legacy_wiki); Sulo Mouzho (legacy_wiki)"
"Chocobobet Center Clerk",19,"review","","legacy_wiki=19","Failene (legacy_wiki); Olega (legacy_wiki); Gerlbotz (legacy_wiki); Fhaht Beablrucch (legacy_wiki); Lengussant (legacy_wiki); Piana (legacy_wiki)"
"Moblin Maze Mongers",19,"review","","npc=19","Bouncebix (npc); Vendastox (npc); Chatnachoq (npc); Slayalox (npc); Goldagrik (npc); Tempatriq (npc)"
"Moblin Maze Mongers NPC",19,"review","","legacy_wiki=19","Bouncebix (legacy_wiki); Vendastox (legacy_wiki); Chatnachoq (legacy_wiki); Slayalox (legacy_wiki); Goldagrik (legacy_wiki); Tempatriq (legacy_wiki)"
"Cutscene",18,"review","","legacy_wiki=18","Cyranuce (legacy_wiki); Alphonimile (legacy_wiki); Vailanice (legacy_wiki); Neosaliat (legacy_wiki); Jayramus (legacy_wiki); Zogbog (legacy_wiki)"
"New Year Event",18,"review","","npc=18","Ake (npc); Taruger (npc); Auspicious Cub (npc); Pyru-Copyru (npc); Joyous Alicorn (npc); Auspicious Tigress (npc)"
"Holiday Event",17,"review","","catseye_item=2; catseye_npc=3; npc=12","Wrapping Helper (catseye_npc); Delivery Helper (catseye_npc); Courier Helper (catseye_npc); Mimima (npc); Egbert (npc); Elulu (npc)"
"Reputation",17,"review","","npc=17","Ney Hiparujah (npc); Gulemont (A) (npc); Flaco (npc); Honoi-Gomoi (A) (npc); Parnika (A) (npc); Namonutice (npc)"
"Reputation NPC",17,"review","","legacy_wiki=17","Ney Hiparujah (legacy_wiki); Gulemont (A) (legacy_wiki); Flaco (legacy_wiki); Honoi-Gomoi (A) (legacy_wiki); Parnika (A) (legacy_wiki); Zabirego-Hajigo (legacy_wiki)"
"Freelance",16,"review","","legacy_wiki=8; npc=8","Areuhat (npc); Ferreous Coffin (npc); Babban Ny Mheillea (npc); Maruna-Kurina (npc); Rainemard (S) (npc); Lewenhart (S) (npc)"
"Promenade Assistant",16,"review","","legacy_wiki=8; npc=8","Delaulne (npc); Curtis (npc); Channon (npc); Gustavo (npc); Russel (npc); Mercedes (npc)"
"CW Starting Quest",15,"review","","catseye_npc=14; npc=1","Bardus (catseye_npc); Perah Celehsi (catseye_npc); Archimedes (catseye_npc); Hermin-Harmon (catseye_npc); Perara (catseye_npc); Shining Stone (catseye_npc)"
"Campaign Ally",14,"review","","legacy_wiki=3; npc=11","Camlin (npc); Abenzio (npc); Bryher (npc); Momowa (npc); Babban's Progeny (npc); Iron Ram Knight (npc)"
"Residence Renter",13,"review","","legacy_wiki=6; npc=7","Machitata (npc); Yurugu-Homurugu (npc); Shinchai-Tocchai (npc); Boronene (npc); Miladi-Nildi (npc); Zekobi-Morokobi (npc)"
"Teleport Service",12,"review","","npc=12","Domenic (npc); Sleakachiq (npc); Pattsu-Yabittsu (npc); Komulili (npc); Tonana (npc); Alib-Mufalib (npc)"
"Campaign Battle ally NPC",11,"review","","legacy_wiki=11","2nd Legion Scout (legacy_wiki); Allied Belfry (legacy_wiki); 8th Iron Musketeer (legacy_wiki); 2nd Legionnaire (legacy_wiki); 1st Legionnaire (legacy_wiki); 1st Gold Musketeer (legacy_wiki)"
"Campaign Leader",11,"review","","npc=11","Provincial Knight General Virgaut (npc); Cerane I Virgaut (npc); Rahal (S) (npc); Reserve Knight General Leonoyne (npc); Maximilian Berger (npc); Republic Chief of Staff Sturm (npc)"
"Event Host",11,"review","","npc=11","Fandango (npc); Rokor-Makor (npc); Prince Yahiko (npc); Mumor (npc); Klaas (npc); Diva (npc)"
"Room Renter",11,"review","","legacy_wiki=5; npc=6","Wurteh (npc); Pulloie (npc); Leonie (npc); Krujaal (npc); Hildith (npc); Loulia (npc)"
"Campaign Battle Ally NPC",10,"review","","legacy_wiki=10","Maximilian (legacy_wiki); Kurt (legacy_wiki); Else (legacy_wiki); Ludwig (S) (legacy_wiki); Bartholomaus (legacy_wiki); Adelheid (legacy_wiki)"
"Chocobo Circuit Grandstand Attendant",10,"review","","legacy_wiki=10","Perdric (legacy_wiki); Boirie (legacy_wiki); Azainnie (legacy_wiki); Odersille (legacy_wiki); Flige (legacy_wiki); Foulneporde (legacy_wiki)"
"Chocobo Racing",10,"review","","npc=10","Perdric (npc); Boirie (npc); Azainnie (npc); Odersille (npc); Flige (npc); Foulneporde (npc)"
"Consulate Representative",10,"review","","legacy_wiki=3; npc=7","Helaku (npc); Kasaroro (npc); Galahad (npc); Chantain (npc); Melek (npc); Patt-Pott (npc)"
"Guild Points",10,"review","","npc=10","Ellard (npc); Fennella (npc); Samigo-Pormigo (npc); Macuillie (npc); Hauh Colphioh (npc); Andreas (npc)"
"Map Giver",10,"review","","legacy_wiki=5; npc=5","Nasheefa (npc); Tyamah (npc); Kamih Mapokhalam (npc); Kwadaaf (npc); Hamta-Iramta (npc); Nasheefa (legacy_wiki)"
"Quest Collector",10,"review","","npc=10","Nenepp (npc); Kakapp (npc); Bubupp (npc); Lulupp (npc); Popopp (npc); Mumupp (npc)"
"Airship Schedule",9,"review","","npc=9","Gabriele (npc); Bodaway (npc); Mauricio (npc); Nigel (npc); Dereck (npc); Ricaldo (npc)"
"Campaign Warrior",9,"review","","npc=9","Dusk Raider (npc); Goblin Lansquenet (npc); Qiqirn Freelance (npc); Faluuya (npc); Savage Hound Condottiere (npc); Crimson Wolf Esquire (npc)"
"Ferry Schedule",9,"review","","npc=9","Chaka Skitimah (npc); Adeben (npc); Sheadon (npc); Shadeeu (npc); Qudamahf (npc); Bhagirath (npc)"
"Monstrosity",9,"review","","npc=9","Suspicious Hume (npc); Suspicious Elvaan (npc); Aengus (npc); Maccus (npc); Suibhne (npc); Suspicious Tarutaru (npc)"
"Mythril Musketeer",9,"review","","npc=9","Nicolaus (npc); Naji (npc); Elivira Gogol (npc); Volker (S) (npc); Ulrich (npc); Volker (npc)"
"Advanced Synthesis Support",8,"review","","npc=8","Macici (npc); Hakeem (npc); Azima (npc); Jacodaut (npc); Sulbahn (npc); Terude-Harude (npc)"
"Cage Teleporter",8,"review","","legacy_wiki=4; npc=4","Niwawa (npc); Nalpupu (npc); Kumumu (npc); Kanawawa (npc); Niwawa (legacy_wiki); Nalpupu (legacy_wiki)"
"Campaign Freelance",8,"review","","legacy_wiki=4; npc=4","Kilhwch (npc); Ulla (npc); Maat (S) (npc); Degenhard (S) (npc); Kilhwch (legacy_wiki); Ulla (legacy_wiki)"
"Chocobo Circuit Associate",8,"review","","legacy_wiki=4; npc=4","Lisette (npc); Timothy (npc); Luca (npc); Khatri (npc); Lisette (legacy_wiki); Timothy (legacy_wiki)"
"Command Platform Guard",8,"review","","npc=8","Djiahlm (npc); Ghadjuyan (npc); Walzharn (npc); Hamgahn (npc); Habhayam (npc); Zhayard (npc)"
"Conquest Overseer - Bastok Outland Conquest Guard",8,"review","","legacy_wiki=8","Rattling Rain, I.M. (legacy_wiki); Ghost Talker, I.M. (legacy_wiki); Heavy Bear, I.M. (legacy_wiki); Pure Heart, I.M. (legacy_wiki); Molting Moth, I.M. (legacy_wiki); Three Steps, I.M. (legacy_wiki)"
"Door",8,"review","","legacy_wiki=4; npc=4","Door: Research Chamber (npc); Door: Amchuchu's Laboratory (npc); Inconspicuous Door (npc); Door: Svenja's Manor (npc); Door: Research Chamber (legacy_wiki); Door: Amchuchu's Laboratory (legacy_wiki)"
"Goal Tracker",8,"review","","legacy_wiki=4; npc=4","Maunadolace (A) (npc); Deadly Spider (A) (npc); Nicadio (A) (npc); Vavegallet (A) (npc); Maunadolace (A) (legacy_wiki); Deadly Spider (A) (legacy_wiki)"
"Guild Craftsman",8,"review","","legacy_wiki=2; npc=6","Degong (npc); Ronana (npc); Beadurinc (npc); Kyaa Taali (npc); Erabu-Fumulubu (npc); Lih Pituu (npc)"
"Monstrosity NPC",8,"review","","legacy_wiki=8","Suspicious Hume (legacy_wiki); Aengus (legacy_wiki); Suibhne (legacy_wiki); Teyrnon (legacy_wiki); Suspicious Tarutaru (legacy_wiki); Suspicious Galka (legacy_wiki)"
"Notorious Monster",8,"review","","npc=8","Paralyzing Tube (Mob) (npc); Hurr the Betrayer (npc); Chaos (Notorious Monster) (npc); Binding Tube (Mob) (npc); Stun Tube (npc); Erik (npc)"
"Soul Reflector Manager",8,"review","","legacy_wiki=4; npc=4","Abhrem (npc); Whashai (npc); Idjham (npc); Biwhal (npc); Abhrem (legacy_wiki); Idjham (legacy_wiki)"
"Star Onion Brigade",8,"review","","npc=8","Yafa Yaa (npc); Pichichi (npc); Papo-Hopo (npc); Chomomo (npc); Pyo Nzon (npc); Gomada-Vulmada (npc)"
"VCS Chocobo Trainer",8,"review","","legacy_wiki=4; npc=4","Pulonono (npc); Hantileon (npc); Zopago (npc); Finbarr (npc); Pulonono (legacy_wiki); Hantileon (legacy_wiki)"
"Conquest Overseer - San d'Oria Outland Conquest Guard",7,"review","","legacy_wiki=7","Prunilla, R.K. (legacy_wiki); Chilaumme, R.K. (legacy_wiki); Pilcha, R.K. (legacy_wiki); Leaufetie, R.K. (legacy_wiki); Taumiale, R.K. (legacy_wiki); Matica, R.K. (legacy_wiki)"
"Conquest Overseer - Windurst Outland Conquest Guard",7,"review","","legacy_wiki=7","Tebubu, W.W. (legacy_wiki); Cotete, W.W. (legacy_wiki); Numumu, W.W. (legacy_wiki); Chopapa, W.W. (legacy_wiki); Tottoto, W.W. (legacy_wiki); Tememe, W.W. (legacy_wiki)"
"Flavor NPC",7,"review","","npc=7","Ekhu Pesshyadha (npc); Crabauble (npc); Phyatte (npc); Gordias (npc); Klara (npc); Leonoyne (npc)"
"Harvest Festival",7,"review","","npc=7","Brian (npc); Roger (npc); Selma (npc); Guwanana (npc); Pretty Heart (npc); Gertrude (npc)"
"Special Event Coordinator",7,"review","","legacy_wiki=3; npc=4","Farmaoquaix (npc); Tree Talker (npc); Christina (npc); Atagei-Portagei (npc); Tree Talker (legacy_wiki); Christina (legacy_wiki)"
"Adventuring Fellow",6,"review","","npc=6","Gadzradd (npc); Ajahkeem (npc); Da'Vhu (npc); Luto Mewrilah (npc); Choplix (npc); Tsoo Haja the Umbra (npc)"
"Airship Travel",6,"review","","npc=6","Bruno (npc); Kameel (npc); Bhoyu Halpatacco (npc); Martin (npc); Rachocho (npc); Callort (npc)"
"Auction House (Port Jeuno)",6,"review","","legacy_wiki=6","Kouang (legacy_wiki); Basmus (legacy_wiki); Rilve-Hitolve (legacy_wiki); Veujaie (legacy_wiki); Digaga (legacy_wiki); Sapladrepoin (legacy_wiki)"
"Campaign Evaluator",6,"review","","legacy_wiki=3; npc=3","Alfred (npc); Llewellyn (npc); Annabelle (npc); Alfred (legacy_wiki); Llewellyn (legacy_wiki); Annabelle (legacy_wiki)"
"Campaign Ops",6,"review","","npc=6","Hieronymus (npc); Emhi Tchaoryo (npc); Dawn Aureola (npc); Rasdinice (npc); Mariette (npc); Beastman Ensign (npc)"
"Conflict Director",6,"review","","legacy_wiki=3; npc=3","Invincible Shield (npc); Excenmille (npc); Mhabi Molkot (npc); Invincible Shield (legacy_wiki); Excenmille (legacy_wiki); Mhabi Molkot (legacy_wiki)"
"Cutscene NPC/Summoned Avatar",6,"review","","legacy_wiki=3; npc=3","Carbuncle (NPC) (npc); Fenrir (NPC) (npc); Diabolos (NPC) (npc); Carbuncle (NPC) (legacy_wiki); Fenrir (NPC) (legacy_wiki); Diabolos (NPC) (legacy_wiki)"
"Ducal Guard",6,"review","","npc=6","High Wind (npc); Rainhard (npc); High Wind (A) (npc); Muhoho (npc); Crooked Arrow (npc); Neraf-Najiruf (npc)"
"Goblin Peddler",6,"review","","legacy_wiki=3; npc=3","Antiqix (npc); Lootblox (npc); Haggleblix (npc); Antiqix (legacy_wiki); Haggleblix (legacy_wiki); Lootblox (legacy_wiki)"
"Goldfish Scooping",6,"review","","legacy_wiki=3; npc=3","Fish Eyes (npc); Kesha Shopehllok (npc); Mei (npc); Fish Eyes (legacy_wiki); Kesha Shopehllok (legacy_wiki); Mei (legacy_wiki)"
"Home Point",6,"review","","item=6","Home Point #3 (item); Home Point #6 (item); Home Point #1 (item); Home Point #5 (item); Home Point #4 (item); Home Point #2 (item)"
"Iron Musketeer",6,"review","","npc=6","Akane, I.M. (npc); Iron Musketeer Commander Krueger (npc); Ortwin, I.M. (npc); Kilian, I.M. (npc); Luise, I.M. (npc); Holger, I.M. (npc)"
"MHMU worker",6,"review","","legacy_wiki=3; npc=3","Skipper Moogle (npc); Moogle (Mog House) (npc); Green Thumb Moogle (npc); Skipper Moogle (legacy_wiki); Moogle (Mog House) (legacy_wiki); Green Thumb Moogle (legacy_wiki)"
"NPC Healer",6,"review","","legacy_wiki=3; npc=3","Cadet Woundpatcher I (npc); Cadet Woundpatcher III (npc); Cadet Woundpatcher II (npc); Cadet Woundpatcher I (legacy_wiki); Cadet Woundpatcher III (legacy_wiki); Cadet Woundpatcher II (legacy_wiki)"
"Official Soul Screener",6,"review","","legacy_wiki=3; npc=3","Ghalizham (npc); Wharoub (npc); Zhashdi (npc); Ghalizham (legacy_wiki); Zhashdi (legacy_wiki); Wharoub (legacy_wiki)"
"Past Event Watcher NPC",6,"review","","legacy_wiki=3; npc=3","Trailmix (npc); Ramblix (npc); Grumblix (npc); Trailmix (legacy_wiki); Ramblix (legacy_wiki); Grumblix (legacy_wiki)"
"Recipe Giver",6,"review","","legacy_wiki=3; npc=3","Fatimah (npc); Ulrike (npc); Wulfnoth (npc); Fatimah (legacy_wiki); Wulfnoth (legacy_wiki); Ulrike (legacy_wiki)"
"Royal Knight",6,"review","","npc=6","Guilerme (A) (npc); Noillurie (npc); Royal Knight General Cousseraux (npc); Lord Fainevlure Ordelle (npc); Rainemard (npc); Praefactus Leonnel (npc)"
"Temple Knight",6,"review","","npc=6","Hostarfaux, T.K. (npc); Dynause, T.K. (npc); Darvylle (npc); Rouquillot, T.K. (npc); Temple Knight General Brunnaut (npc); Yaibroux, T.K. (npc)"
"Appraiser",5,"review","","legacy_wiki=2; npc=3","Chochoroon (npc); Memeroon (npc); Drahbah (npc); Chochoroon (legacy_wiki); Memeroon (legacy_wiki)"
"Avatar Quest",5,"review","","npc=5","Ferrol (npc); Castilchat (npc); Gulmama (npc); Ronta-Onta (npc); Juroro (npc)"
"Corsair Quest",5,"review","","npc=5","Watzahl (npc); Aznahf (npc); Imutira (npc); Qultada (npc); Mutihb (npc)"
"Guide",5,"review","","legacy_wiki=5","Chaquoillons (legacy_wiki); Pollante (legacy_wiki); Cyphaireau (legacy_wiki); Faboise (legacy_wiki); Joilevin (legacy_wiki)"
"Item Depository",5,"review","","npc=5","Poudoruchant (npc); Olaky-Yayulaky (npc); Garridan (npc); Gallagher (npc); Jarafah (npc)"
"Mog Garden Assistant",5,"review","","legacy_wiki=3; npc=2","Yeestog (npc); Susuroon (npc); Yeestog (legacy_wiki); Chacharoon (legacy_wiki); Susuroon (legacy_wiki)"
"NPC Happy New Year 2014",5,"review","","legacy_wiki=5","Joyous Alicorn (legacy_wiki); Giddy Sleipnir (legacy_wiki); Goblin Year-ringer (legacy_wiki); Joyful Alicorn (legacy_wiki); Jubilant Alicorn (legacy_wiki)"
"Travel Guide",5,"review","","npc=5","Chaquoillons (npc); Pollante (npc); Cyphaireau (npc); Faboise (npc); Joilevin (npc)"
"Tutorial",5,"review","","item=1; npc=4","Gulldago (npc); Aja-Panja (npc); Selele (npc); Alaune (npc); Chat Manual (item)"
"Unity Concord",5,"review","","npc=5","Yonolala (npc); Teldro-Kesdrodo (npc); Igsli (npc); Urbiolaine (npc); Nunaarl Bthtrogg (npc)"
"Unity Concord NPC",5,"review","","legacy_wiki=5","Yonolala (legacy_wiki); Teldro-Kesdrodo (legacy_wiki); Igsli (legacy_wiki); Urbiolaine (legacy_wiki); Nunaarl Bthtrogg (legacy_wiki)"
"Abyssea Quest",4,"review","","npc=4","Bopa Greso (A) (npc); Hungry Wolf (A) (npc); Kuoh Rhel (A) (npc); Rondipur (A) (npc)"
"Ahtapot Guide",4,"review","","npc=4","Zshahda (npc); Walagarim (npc); Zawahf (npc); Bhjaama (npc)"
"Ark Angel",4,"review","","npc=4","Ark Angel EV (npc); Ark Angel TT (npc); Ark Angel HM (npc); Ark Angel GK (npc)"
"Auction House (Nashmau)",4,"review","","legacy_wiki=4","Nanaroon (legacy_wiki); Momoroon (legacy_wiki); Pupuroon (legacy_wiki); Neneroon (legacy_wiki)"
"Bastok Gate Guard",4,"review","","legacy_wiki=4","Rashid (legacy_wiki); Argus (NPC) (legacy_wiki); Cleades (legacy_wiki); Malduc (legacy_wiki)"
"Battle",4,"review","","npc=4","Federation Infantry (npc); Valaineral R Davilles (npc); Federation Garrison (npc); Noble Warrior (npc)"
"Battle NPC",4,"review","","legacy_wiki=4","Federation Infantry (legacy_wiki); Valaineral R Davilles (legacy_wiki); Federation Garrison (legacy_wiki); Noble Warrior (legacy_wiki)"
"Battlecage Registrar",4,"review","","legacy_wiki=2; npc=2","Rayeewa (npc); Salyadh (npc); Rayeewa (legacy_wiki); Salyadh (legacy_wiki)"
"Blue Command Platform Guard",4,"review","","legacy_wiki=4","Ghadjuyan (legacy_wiki); Zhayard (legacy_wiki); Wahrouzam (legacy_wiki); Hamgahn (legacy_wiki)"
"Campaign Knight",4,"review","","npc=4","Royal Knight (npc); Temple Knight (npc); Norvallen Knight (npc); Aragoneu Knight (npc)"
"Campaign Ops NPC",4,"review","","legacy_wiki=4","Hieronymus (legacy_wiki); Emhi Tchaoryo (legacy_wiki); Rasdinice (legacy_wiki); Mariette (legacy_wiki)"
"Chocobo Breeder",4,"review","","legacy_wiki=2; npc=2","Galloping Chocobo (npc); Gonija (npc); Galloping Chocobo (legacy_wiki); Gonija (legacy_wiki)"
"Chocobo Guide",4,"review","","npc=4","Bashraf (npc); Bwi Kaghonsa (npc); Foudeel (npc); Wahboud (npc)"
"Conquest Overseer - Jeuno Conquest Guard",4,"review","","legacy_wiki=4","Alrauverat (legacy_wiki); Kochahy-Muwachahy (legacy_wiki); Emitt (legacy_wiki); Morlepiche (legacy_wiki)"
"Conquest Troupe",4,"review","","npc=4","Cheh Raihah (npc); Mokop-Sankop (npc); Nalta (npc); Dahjal (npc)"
"Consulate Representative NPC",4,"review","","legacy_wiki=4","Helaku (legacy_wiki); Kasaroro (legacy_wiki); Galahad (legacy_wiki); Mourices (legacy_wiki)"
"Crafter Points",4,"review","","npc=4","Yek Falimeygo (npc); Wolden-Bolden (npc); Tergil (npc); Luren (npc)"
"Cut Scene NPC",4,"review","","legacy_wiki=4","Audia (legacy_wiki); Albrecht (legacy_wiki); Alista (legacy_wiki); Leaute (legacy_wiki)"
"Cutscene NPC / Adventuring Fellow",4,"review","","legacy_wiki=4","Gadzradd (legacy_wiki); Da'Vhu (legacy_wiki); Choplix (legacy_wiki); Tsoo Haja the Umbra (legacy_wiki)"
"Dialogue",4,"review","","npc=4","Tovrutaux (npc); Kikilolo (npc); Venika (npc); Seyaya (npc)"
"Domain Invasion",4,"review","","npc=4","Zurim (npc); Djahama (npc); Kudjreel (npc); Yanshaal (npc)"
"ENM",4,"review","","legacy_wiki=2; npc=2","Jakaka (npc); Gregory (npc); Jakaka (legacy_wiki); Gregory (legacy_wiki)"
"Event Reward",4,"review","","npc=4","Proctor Moogle (npc); Festive Moogle (npc); Syu Befrathi (S) (npc); Erudite Moogle (npc)"
"Festival Dancer",4,"review","","npc=4","Jayleilei (npc); Copuwawa (npc); Dayaka-Botanyuka (npc); Congee-Toyangee (npc)"
"Fishing NPC",4,"review","","npc=4","Polih Rejonah (npc); Feathered Foe (npc); Leppi-Rippi (npc); Claraisse (npc)"
"Linkshell Distributor",4,"review","","legacy_wiki=1; npc=3","Paunelie (npc); Ilita (npc); Linkshell Concierge (npc); Ilita (legacy_wiki)"
"Map Quest",4,"review","","npc=4","Antreneau (npc); Chalvatot (npc); Gudav (npc); Chipmy-Popmy (npc)"
"Mission Giver",4,"review","","npc=4","Puo Rhen (npc); Naja Salaheem (npc); Endracion (npc); Tih Pikeh (npc)"
"Quest Starter NPC",4,"review","","legacy_wiki=4","Nivorajean (legacy_wiki); Ferchinne (legacy_wiki); Romeo (legacy_wiki); Vuntar (legacy_wiki)"
"Red Command Platform Guard",4,"review","","legacy_wiki=4","Djiahlm (legacy_wiki); Walzharn (legacy_wiki); Habhayam (legacy_wiki); Sazahlam (legacy_wiki)"
"Windurst Gate Guard",4,"review","","legacy_wiki=4","Janshura-Rashura (legacy_wiki); Mokyokyo (legacy_wiki); Zokima-Rokima (legacy_wiki); Rakoh Buuma (legacy_wiki)"
"Arena Announcer",3,"review","","npc=3","Doel-Demiel (npc); Juvenal (npc); Flapping Gums (npc)"
"Artifact Quest",3,"review","","npc=3","Jerra Ndala (npc); Borghertz (npc); Wescolina (npc)"
"Barge Ticket",3,"review","","npc=3","Cofisephe (npc); Echanie (npc); Coupulie (npc)"
"Barge Ticket NPC",3,"review","","legacy_wiki=3","Cofisephe (legacy_wiki); Echanie (legacy_wiki); Coupulie (legacy_wiki)"
"CS NPC",3,"review","","legacy_wiki=3","Mawl'gofaur (legacy_wiki); Kareh'ayollio (legacy_wiki); Zonpa-Zippa (legacy_wiki)"
"Campaign Allegiance",3,"review","","npc=3","Fridolin (npc); Houilloumie (npc); Mhoti Pyiahrs (npc)"
"Campaign Hero",3,"review","","npc=3","Yrvaulair S Cousseraux (npc); Mieuseloir B Enchelles (npc); Ashmea B Greinner (npc)"
"Campaign Hero NPC",3,"review","","legacy_wiki=3","Yrvaulair S Cousseraux (legacy_wiki); Mieuseloir B Enchelles (legacy_wiki); Ashmea B Greinner (legacy_wiki)"
"Chocobo Circuit",3,"review","","legacy_wiki=1; npc=2","Ove (npc); Amaduralle (npc); Amaduralle (legacy_wiki)"
"City Gate Guard",3,"review","","npc=3","Mafwahb (npc); Arzizah (npc); Zarfhid (npc)"
"Cobra Commander",3,"review","","npc=3","Romaa Mihgo (npc); Romaa Mihgo (A) (npc); Romaa Mihgo (S) (npc)"
"Conquest Overseer - Windurst National Conquest Guard",3,"review","","legacy_wiki=3","Milma-Hapilma, W.W. (legacy_wiki); Puroiko-Maiko, W.W. (legacy_wiki); Harara, W.W. (legacy_wiki)"
"Cutscene NPC, Mission Boss",3,"review","","legacy_wiki=3","Ark Angel MR (legacy_wiki); Shikaree Y (legacy_wiki); Shikaree X (legacy_wiki)"
"Cutscene, Mission Boss",3,"review","","npc=3","Ark Angel MR (npc); Shikaree Y (npc); Shikaree X (npc)"
"Cutscene/Summoned Avatar",3,"review","","npc=3","Fenrir (npc); Diabolos (npc); Carbuncle (npc)"
"ENM Quest",3,"review","","npc=3","Morangeart (npc); Twinkbrix (npc); Zebada (npc)"
"Escort Quest",3,"review","","npc=3","Rondipur (npc); Olavia (npc); Marin (npc)"
"Event Sideshow NPC",3,"review","","legacy_wiki=3","Rokor-Makor (legacy_wiki); Klaas (legacy_wiki); Estiliphire (legacy_wiki)"
"Fishing Quest",3,"review","","npc=3","Joulet (npc); Gallijaux (npc); Zaldon (npc)"
"Guild Craftsman NPC",3,"review","","legacy_wiki=3","Ronana (legacy_wiki); Kyaa Taali (legacy_wiki); Lih Pituu (legacy_wiki)"
"Harvest Festival NPC (Dark Lilies subevent)",3,"review","","legacy_wiki=3","Brian (legacy_wiki); Roger (legacy_wiki); Gertrude (legacy_wiki)"
"Immigration",3,"review","","npc=3","Mythily (npc); Beriphaule (npc); Rakano-Marukano (npc)"
"Imp Scout",3,"review","","npc=3","Rakke (npc); Rikke (npc); Rokke (npc)"
"Lore NPC",3,"review","","npc=3","Kupulele (npc); Kupold (npc); Kupeliont (npc)"
"Master Caster",3,"review","","npc=3","Aquarian Master Caster Kayeel-Payeel (npc); Capricornian Master Caster Zonpa-Zippa (npc); Ariesan Master Caster Lutete (npc)"
"Meeble Burrows",3,"review","","npc=3","Burrow Investigator (npc); Burrow Researcher (npc); Vrednev (npc)"
"Periapt of Clarity.",3,"review","","npc=3","Gushing Spring (npc); Hildegard (npc); Kieran (npc)"
"Quest giver NPC",3,"review","","legacy_wiki=3","Gurren-Murren (legacy_wiki); Fallion (legacy_wiki); Chelidoine (legacy_wiki)"
"Rhinostery Minister",3,"review","","npc=3","Iru-Kuiru (npc); Yoran-Oran (npc); Yoran-Oran (S) (npc)"
"Royal Guard",3,"review","","npc=3","Royal Banneret (npc); Royal Guard (npc); Royal Guard General Davilles (npc)"
"San d'Orian Gate Guard",3,"review","","legacy_wiki=3","Endracion (legacy_wiki); Ambrotien (legacy_wiki); Grilau (legacy_wiki)"
"Sealed Container",3,"review","","npc=3","Kevan (npc); Lurouillat (npc); Pogigi (npc)"
"Sealed Container NPC",3,"review","","legacy_wiki=3","Kevan (legacy_wiki); Lurouillat (legacy_wiki); Pogigi (legacy_wiki)"
"Sigil",3,"review","","npc=3","Millard, I.M. (npc); Miliart, T.K. (npc); Mindala-Andola, C.C. (npc)"
"Starlight Event",3,"review","","npc=3","Acacia (npc); Iya Rihyo (npc); Goblin Merrymaker (npc)"
"Survey",3,"review","","npc=3","Palardaifault V Draffles (npc); Isabella (npc); Kuron-Makaron (npc)"
"Survey NPC",3,"review","","legacy_wiki=3","Palardaifault V Draffles (legacy_wiki); Isabella (legacy_wiki); Kuron-Makaron (legacy_wiki)"
"Synthesis Image Support NPC",3,"review","","legacy_wiki=3","Tek Lengyon (legacy_wiki); Kipopo (legacy_wiki); Amarefice (legacy_wiki)"
"Transportation",3,"review","","legacy_wiki=1; npc=2","North Plaza (npc); Mog Dinghy (npc); Mog Dinghy (legacy_wiki)"
"Voidwatch",3,"review","","npc=3","Camille (npc); Voidwatch Officer (npc); Owain (npc)"
"Weather Reporter NPC",3,"review","","legacy_wiki=3","Maleme (legacy_wiki); Appollonia (legacy_wiki); Wachiwi (legacy_wiki)"
"Wedding event NPC.",3,"review","","npc=3","Cloud Walker (npc); Pompi-Rompi (npc); Rembard (npc)"
"World Pass",3,"review","","npc=3","Kachada (npc); Ambleon (npc); Gamimi (npc)"
"Adventurer's Helper",2,"review","","legacy_wiki=1; npc=1","Muji Tsalahn (npc); Muji Tsalahn (legacy_wiki)"
"Adventurers' Mutual Aid Network",2,"review","","npc=2","Elijah (npc); Greyson (npc)"
"Adventurers' Mutual Aid Network NPC",2,"review","","legacy_wiki=2","Elijah (legacy_wiki); Greyson (legacy_wiki)"
"Alchemy Advanced Synthesis Image Support NPC",2,"review","","legacy_wiki=2","Azima (legacy_wiki); Sulbahn (legacy_wiki)"
"Alchemy Synthesis Image Support & recipe review NPC",2,"review","","legacy_wiki=2","Sieglinde (legacy_wiki); Shahau (legacy_wiki)"
"Alchemy Synthesis Image Support NPC",2,"review","","legacy_wiki=2","Titus (legacy_wiki); Hadayah (legacy_wiki)"
"Allied Campaign Assessment",2,"review","","legacy_wiki=1; npc=1","Waldemar, I.M. (npc); Waldemar, I.M. (legacy_wiki)"
"Allied Campaign Info",2,"review","","legacy_wiki=1; npc=1","Soimin-Oimin, C.C. (npc); Soimin-Oimin, C.C. (legacy_wiki)"
"Allied Notes NM Proprietor",2,"review","","npc=2","Thirkell (npc); Scotwick (npc)"
"Allied Notes Notorious Monster Proprietor",2,"review","","legacy_wiki=2","Thirkell (legacy_wiki); Scotwick (legacy_wiki)"
"Artifact NPC",2,"review","","legacy_wiki=2","Jerra Ndala (legacy_wiki); Wescolina (legacy_wiki)"
"Assault Officer",2,"review","","npc=2","Bhoy Yhupplo (npc); Halshaob (npc)"
"Atarefaunet's Band",2,"review","","npc=2","Chepelle (npc); Kanika (npc)"
"Attendant",2,"review","","legacy_wiki=1; npc=1","Raquel (npc); Raquel (legacy_wiki)"
"Augment NPC",2,"review","","legacy_wiki=1; npc=1","Detrovio (npc); Divainy-Gamainy (legacy_wiki)"
"Automaton Attachment Assistant",2,"review","","legacy_wiki=1; npc=1","Tateeya (npc); Tateeya (legacy_wiki)"
"Barge Schedule",2,"review","","npc=2","Laiteconce (npc); Luquillaue (npc)"
"Bastion Defender",2,"review","","npc=2","Bastion Fighter (npc); Bastion Mage (npc)"
"Battle Cry.",2,"review","","npc=2","Feldrautte I Rouhent (npc); Laisavie X Berlends (npc)"
"Beastmaster Unlock",2,"review","","npc=2","Brutus (npc); Dietmund (npc)"
"Camp Leader",2,"review","","legacy_wiki=1; npc=1","Excenmille (A) (npc); Excenmille (A) (legacy_wiki)"
"Campaign Information",2,"review","","npc=2","Hinrich (npc); Voucheramme (npc)"
"Campaign Officer",2,"review","","npc=2","Rholont (npc); Lharant (npc)"
"Campaign Structure",2,"review","","npc=2","Cantonment (npc); Fortilace (npc)"
"Carnage Battlecage Registrar",2,"review","","legacy_wiki=1; npc=1","Tadeewa (npc); Tadeewa (legacy_wiki)"
"Carnage Cage Fight Announcer",2,"review","","legacy_wiki=1; npc=1","Pihk Khalatikal (npc); Pihk Khalatikal (legacy_wiki)"
"Caster",2,"review","","npc=2","Popochu (npc); Papako (npc)"
"Chateau Guard",2,"review","","npc=2","Bacherume (npc); Guilerme (npc)"
"Chocobo Circuit Attendant",2,"review","","legacy_wiki=1; npc=1","Palson (npc); Palson (legacy_wiki)"
"Chocobo Circuit Promenade Assistant",2,"review","","legacy_wiki=1; npc=1","Reinwald (npc); Reinwald (legacy_wiki)"
"Chocobo Raising",2,"review","","npc=2","Kiria-Romaria (npc); Arvilauge (npc)"
"Chocobo Raising NPC",2,"review","","legacy_wiki=2","Kiria-Romaria (legacy_wiki); Arvilauge (legacy_wiki)"
"Conquest Overseer - Bastok Foreign Conquest Guard",2,"review","","legacy_wiki=2","Yevgeny, I.M. (legacy_wiki); Sachetan, I.M. (legacy_wiki)"
"Consulate",2,"review","","item=2","Door:Jeunoan Consul (item); Door:Bastokan Consul (item)"
"Crafter Points Administrator",2,"review","","legacy_wiki=2","Yek Falimeygo (legacy_wiki); Wolden-Bolden (legacy_wiki)"
"Crystal Exchange",2,"review","","catseye_npc=1; item=1","Crystal Crunch (catseye_npc); Crystal Crunch (item)"
"Crystal War Quest",2,"review","","npc=2","Offa (S) (npc); Tosuka-Porika (S) (npc)"
"Dragonslayer Intro",2,"review","","catseye_item=1; npc=1","Valsang (npc); Pile of Stones (catseye_item)"
"Dragoon Unlock",2,"review","","npc=2","Arminibit (npc); Morjean (npc)"
"ENM Quest Activator",2,"review","","legacy_wiki=2","Morangeart (legacy_wiki); Twinkbrix (legacy_wiki)"
"ENM Timer",2,"review","","npc=2","Istvan (npc); Moritz (npc)"
"Ethereal Ingress",2,"review","","npc=2","Incantrix (npc); Coelestrox (npc)"
"Fast Travel Quest",2,"review","","npc=2","Faursel (npc); Ohbiru-Dohbiru (npc)"
"Ferry Travel",2,"review","","npc=2","Tazhaal (npc); Felisa (npc)"
"Field Encampment",2,"review","","npc=2","Alrauverat (A) (npc); Red Ghost (A) (npc)"
"Fisherman's Guild Master",2,"review","","legacy_wiki=1; npc=1","Thubu Parohren (npc); Thubu Parohren (legacy_wiki)"
"Fishing Guide",2,"review","","npc=2","Jakaka (A) (npc); Pattel-Bacchel (npc)"
"Fortune Teller",2,"review","","npc=2","Pherchabalet (npc); Pelinvarde (npc)"
"Free Synthesis Image Support NPC :*Culinarians' Guild",2,"review","","legacy_wiki=2","Hakeem (legacy_wiki); Jacodaut (legacy_wiki)"
"Game NPC",2,"review","","npc=2","Varchet (npc); Pellio (npc)"
"Guild Master NPC",2,"review","","legacy_wiki=2","Peshi Yohnts (legacy_wiki); Ponono (legacy_wiki)"
"Guildworker's Union",2,"review","","legacy_wiki=2","Ellard (legacy_wiki); Lorena (legacy_wiki)"
"Halloween Event",2,"review","","catseye_npc=1; npc=1","Decrepit S. Lord (catseye_npc); Lady Lilith (npc)"
"Happy New Year 2007 NPC",2,"review","","legacy_wiki=2","Pyru-Copyru (legacy_wiki); Bunta (legacy_wiki)"
"Historical Figure",2,"review","","npc=2","Clavauert B Chanoix (npc); August Adoulin (npc)"
"Immigration NPC",2,"review","","legacy_wiki=2","Mythily (legacy_wiki); Rakano-Marukano (legacy_wiki)"
"Imperial Guard",2,"review","","npc=2","Immortal Guard (npc); Imperial Trooper (npc)"
"Imperial Standing",2,"review","","legacy_wiki=1; npc=1","Nabihwah (npc); Nabihwah (legacy_wiki)"
"Ionis",2,"review","","npc=2","Fleuricette (npc); Quiri-Aliri (npc)"
"Knight",2,"review","","npc=2","Travialce (npc); Squire Knight (npc)"
"Lebros Assault",2,"review","","npc=2","Waudeen (npc); Famad (npc)"
"Limbus Entry",2,"review","","npc=2","Apollyon Furnace (npc); Temenos Furnace (npc)"
"Limbus Guide",2,"review","","npc=2","Temenos Operator (npc); Apollyon Operator (npc)"
"Limit Break",2,"review","","npc=2","Maat (npc); Vingijard (npc)"
"Livestock",2,"review","","legacy_wiki=1; npc=1","Little Sheep (npc); Little Sheep (legacy_wiki)"
"Lucky Roll",2,"review","","npc=2","Mileon (npc); Repat (npc)"
"Lucky Roll Gambler",2,"review","","legacy_wiki=2","Mileon (legacy_wiki); Repat (legacy_wiki)"
"Mamool Assault",2,"review","","npc=2","Daswil (npc); Isdebaaq (npc)"
"Mentor Recruiter",2,"review","","npc=2","Kopua-Mobua (npc); Emeige A.M.A.N. (npc)"
"Military Information",2,"review","","npc=2","Helga (npc); Esmallegue (npc)"
"Military Officer",2,"review","","npc=2","Wolfgang (npc); Brandolf (npc)"
"Mission Associate",2,"review","","npc=2","Baraka (npc); Chasalvige (npc)"
"Mission Boss",2,"review","","legacy_wiki=1; npc=1","Shikaree Z (npc); Shikaree Z (legacy_wiki)"
"Mog Locker Administrator",2,"review","","legacy_wiki=1; npc=1","Fubruhn (npc); Fubruhn (legacy_wiki)"
"MogHouse Watcher",2,"review","","legacy_wiki=1; npc=1","Abby Jalunshi (npc); Abby Jalunshi (legacy_wiki)"
"Moghouse Renter",2,"review","","legacy_wiki=1; npc=1","Zhamwaa (npc); Zhamwaa (legacy_wiki)"
"Monster Registration",2,"review","","legacy_wiki=1; npc=1","Kaheema (npc); Kaheema (legacy_wiki)"
"NPC Happy New Year 2003",2,"review","","legacy_wiki=2","Ake (legacy_wiki); Ome (legacy_wiki)"
"NPC VCS Chocobo Racing Associate",2,"review","","legacy_wiki=1; npc=1","Chualulu (npc); Chualulu (legacy_wiki)"
"Nanaa Mihgo Gang",2,"review","","npc=2","Cha Lebagta (npc); Bopa Greso (npc)"
"Nyzul Assault",2,"review","","npc=2","Shahayl (npc); Sorrowful Sage (npc)"
"Orc Warmachine",2,"review","","npc=2","??? Warmachine (S) (npc); ??? Warmachine (npc)"
"Passage Guard",2,"review","","npc=2","Gottna (npc); Qahzwin (npc)"
"Peacekeeper Coalition",2,"review","","legacy_wiki=1; npc=1","Ujlei Zelekko (npc); Ujlei Zelekko (legacy_wiki)"
"Peacekeepers' Coalition reward bayld vendor NPC",2,"review","","legacy_wiki=1; npc=1","Craggy Bluff (npc); Craggy Bluff (legacy_wiki)"
"Periqia Assault",2,"review","","npc=2","Lageegee (npc); Nahshib (npc)"
"President",2,"review","","npc=2","Hrichter Karst (npc); Karst (npc)"
"Puppet Name Changer",2,"review","","legacy_wiki=1; npc=1","Abda-Lurabda (npc); Abda-Lurabda (legacy_wiki)"
"Quest Reward",2,"review","","npc=2","Zuber (npc); Ponono (S) (npc)"
"Residence",2,"review","","item=2","Door:Count's Manor (item); Door:House (item)"
"Resistance Fighter",2,"review","","npc=2","Resistance Sapper (npc); Resistance Fighter (npc)"
"Ruins Access",2,"review","","npc=2","Nuimahn (npc); Bapokk (npc)"
"Scholar",2,"review","","npc=2","Lutia (npc); Catalia (npc)"
"Seasonal Event",2,"review","","npc=2","Chigoe (NPC) (npc); Flasco-Rasco (npc)"
"Sheep",2,"review","","npc=2","Mee (npc); Baa (npc)"
"Sheep NPC",2,"review","","legacy_wiki=2","Mee (legacy_wiki); Baa (legacy_wiki)"
"Star Sibyl",2,"review","","npc=2","Star Sibyl (S) (npc); Star Sibyl (npc)"
"Summoner Warp",2,"review","","npc=2","Lacia (npc); Rahi Fohlatti (npc)"
"Title Changer NPC",2,"review","","legacy_wiki=2","Debadle-Levadle (legacy_wiki); Yulon-Polon (legacy_wiki)"
"Warp Guide",2,"review","","npc=2","Vaihilique (npc); Mediverchanne (npc)"
"Wedding Outfitter",2,"review","","legacy_wiki=1; npc=1","Modiste (npc); Modiste (legacy_wiki)"
"Wyvern Name Changer",2,"review","","legacy_wiki=1; npc=1","Fouvia (npc); Fouvia (legacy_wiki)"
": Circuit NPCs",1,"review","","legacy_wiki=1","Michaela (legacy_wiki)"
"ANNM Coordinator",1,"review","","npc=1","Keenan (npc)"
"Abdhaljs Isle-Purgonorgo Officer;NPC",1,"review","","legacy_wiki=1","Afdeen (legacy_wiki)"
"Adopted Son",1,"review","","npc=1","Leodarion (npc)"
"Adoulin Reward NPC",1,"review","","legacy_wiki=1","Reja Ygridhi (legacy_wiki)"
"Advanced Synthesis Image Support NPC :*Culinarians' Guild",1,"review","","legacy_wiki=1","Kipo-Opo (legacy_wiki)"
"Advanced synthesis image support NPC :*Clothcraft Guild",1,"review","","legacy_wiki=1","Terude-Harude (legacy_wiki)"
"Adventurer Assistant",1,"review","","legacy_wiki=1","Alert Gaze (legacy_wiki)"
"Adventurer Assistant NPC",1,"review","","legacy_wiki=1","Nazar (legacy_wiki)"
"Adventurer Assistent",1,"review","","legacy_wiki=1","Kuhn Tsahnpri (legacy_wiki)"
"Adventurer's Assistant - Food Effect Remover",1,"review","","legacy_wiki=1","Parike-Poranke (legacy_wiki)"
"Adventurer's Assistant - Mercenary Rank",1,"review","","legacy_wiki=1","Abquhbah (legacy_wiki)"
"Agency Guard",1,"review","","npc=1","Jumaaf (npc)"
"Aht Urhgan Whitegate Gate",1,"review","","legacy_wiki=1","Ove (legacy_wiki)"
"Airship Information Giver",1,"review","","legacy_wiki=1","Bodaway (legacy_wiki)"
"Ambuscade",1,"review","","npc=1","Gorpa-Masorpa (npc)"
"Ammunition Recovery",1,"review","","npc=1","Munitions Moogle (npc)"
"Anaconda Mercenary",1,"review","","npc=1","Anaconda Mercenary Major Vashai (npc)"
"Annihilation Cage Fight Announcer",1,"review","","legacy_wiki=1","Doel-Demiel (legacy_wiki)"
"Anti-Cheat NPC",1,"review","","npc=1","Read me (npc)"
"Appraiser NPC",1,"review","","legacy_wiki=1","Drahbah (legacy_wiki)"
"Arena Guard",1,"review","","npc=1","Yeggha Dolashi (npc)"
"Artifact Hands NPC",1,"review","","legacy_wiki=1","Borghertz (legacy_wiki)"
"Artifact Upgrades",1,"review","","npc=1","Monisette (npc)"
"Aspiring Musketeer",1,"review","","npc=1","Ken (npc)"
"Assault Azouph Isle NPC",1,"review","","legacy_wiki=1","Nareema (legacy_wiki)"
"Assault Ilrusi Atoll NPC",1,"review","","legacy_wiki=1","Meyaada (legacy_wiki)"
"Assault Lebros Cavern NPC",1,"review","","legacy_wiki=1","Waudeen (legacy_wiki)"
"Assault Mamool Ja Training Grounds NPC",1,"review","","legacy_wiki=1","Daswil (legacy_wiki)"
"Assault Mission Giver NPC: Ilrusi Atoll",1,"review","","legacy_wiki=1","Bhoy Yhupplo (legacy_wiki)"
"Assault Mission Giver NPC: Lebros Cavern",1,"review","","legacy_wiki=1","Famad (legacy_wiki)"
"Assault Mission Giver NPC: Leujaoam Sanctum",1,"review","","legacy_wiki=1","Yahsra (legacy_wiki)"
"Assault Mission Giver NPC: Mamool Ja Training Grounds",1,"review","","legacy_wiki=1","Isdebaaq (legacy_wiki)"
"Assault Mission Giver NPC: Nyzul Isle",1,"review","","legacy_wiki=1","Sorrowful Sage (legacy_wiki)"
"Assault Mission Giver NPC: Periqia",1,"review","","legacy_wiki=1","Lageegee (legacy_wiki)"
"Assault Periqia NPC",1,"review","","legacy_wiki=1","Nahshib (legacy_wiki)"
"Assault Permits",1,"review","","npc=1","Zasshal (npc)"
"Atma Fabrication",1,"review","","npc=1","Atma Fabricant (npc)"
"Atma Infusion",1,"review","","npc=1","Atma Infusionist (npc)"
"Atmacite Refiner",1,"review","","npc=1","Atmacite Refiner (npc)"
"Augment",1,"review","","npc=1","Divainy-Gamainy (npc)"
"Aurastery Minister",1,"review","","npc=1","Koru-Moru (S) (npc)"
"Azouph Assault",1,"review","","npc=1","Nareema (npc)"
"Bag",1,"review","","item=1","Bag (item)"
"Ballista Information",1,"review","","npc=1","Pursuivant (npc)"
"Ballista Referee",1,"review","","npc=1","Herald (npc)"
"Ballista/Brenner Referee",1,"review","","legacy_wiki=1","Herald (legacy_wiki)"
"Bard Unlock",1,"review","","npc=1","Mertaire (npc)"
"Barge NPC",1,"review","","npc=1","Eunirange (npc)"
"Barrel",1,"review","","item=1","Barrel (item)"
"Bastion",1,"review","","npc=1","Bastion Prefect (npc)"
"Bastion Structure",1,"review","","npc=1","Stockade (npc)"
"Battle cry.",1,"review","","npc=1","Nyumomo (npc)"
"Battlefield Access",1,"review","","npc=1","Ropchop (npc)"
"Battlefield Transport",1,"review","","npc=1","Afdeen (npc)"
"Bayld Buffs",1,"review","","npc=1","Farso-Dafarso (npc)"
"Black Mage Artifact",1,"review","","npc=1","Chumimi (npc)"
"Bloodlust Cage Fight Announcer",1,"review","","legacy_wiki=1","Flapping Gums (legacy_wiki)"
"Blue Mage Unlock",1,"review","","npc=1","Waoud (npc)"
"Bodyguard",1,"review","","npc=1","Paito-Maito (npc)"
"Bonanza Moogle",1,"review","","npc=1","Dealer Moogle (npc)"
"Bonanza Reward",1,"review","","npc=1","Bonanza Moogle (npc)"
"Bookshelf",1,"review","","item=1","Bookshelf (item)"
"Box",1,"review","","item=1","Box (item)"
"Brother to Gallijaux (A).",1,"review","","npc=1","Joulet (A) (npc)"
"Brother to Joulet (A).",1,"review","","npc=1","Gallijaux (A) (npc)"
"Bundle Exchange",1,"review","","npc=1","Moogle Crafter (npc)"
"Burning Circle",1,"review","","item=1","Burning Circle (item)"
"Campaign Battle/Special Event NPC",1,"review","","legacy_wiki=1","Chigoe (NPC) (legacy_wiki)"
"Campaign Volunteer",1,"review","","npc=1","Volunteer (npc)"
"Cardian",1,"review","","npc=1","Five of Spades (npc)"
"Casts Cure V on himself.",1,"review","","npc=1","Febrenard C Brunnaut (npc)"
"Casts Flash and Stun.",1,"review","","npc=1","Qiqirn Bewitcher (npc)"
"Cathedral Guard",1,"review","","npc=1","Charlaimagnat (npc)"
"Cavernous Maw",1,"review","","item=1","Cavernous Maw (item)"
"Centurion",1,"review","","npc=1","Adelbrecht (npc)"
"Chantry",1,"review","","item=1","Door. Chantry (item)"
"Child",1,"review","","npc=1","Amajal (npc)"
"Chocbobet Center Clerk",1,"review","","legacy_wiki=1","Sudha Rhilimanyme (legacy_wiki)"
"Chocobo",1,"review","","npc=1","Silver Comet (npc)"
"Chocobo Circuits",1,"review","","npc=1","Michaela (npc)"
"Chocobo Renter NPC",1,"review","","legacy_wiki=1","Emoussine (legacy_wiki)"
"Chocobo Services",1,"review","","npc=1","Mapitoto (npc)"
"City Transport",1,"review","","npc=1","Javolio (npc)"
"Clamming Point",1,"review","","item=1","Clamming Point (item)"
"Clipper Guide",1,"review","","npc=1","Khots Chalahko (npc)"
"Clothcraft Guild",1,"review","","npc=1","Tatan-Bilten (npc)"
"Clothcraft Guildworker's Union NPC",1,"review","","legacy_wiki=1","Hauh Colphioh (legacy_wiki)"
"Coalition Guide",1,"review","","npc=1","Task Delegator (npc)"
"Coalition Rewards",1,"review","","npc=1","Malobra (npc)"
"Cohors Commander",1,"review","","npc=1","Zazarg (S) (npc)"
"Competition Official",1,"review","","npc=1","Baitabriq (npc)"
"Conflux Surveyor",1,"review","","npc=1","Conflux Surveyor (npc)"
"Conquest Information",1,"review","","npc=1","Dallus-Mallus (npc)"
"Conquest Overseer - San d'Oria Foreign Conquest Guard",1,"review","","legacy_wiki=1","Panoquieur, T.K. (legacy_wiki)"
"Conquest Overseer - San d'Oria National Conquest Guard",1,"review","","legacy_wiki=1","Arpevion, T.K. (legacy_wiki)"
"Conquest Overseer - Windurst Foreign Conquest Guard",1,"review","","legacy_wiki=1","Chapal-Afal, W.W. (legacy_wiki)"
"Consulate Guard",1,"review","","npc=1","Danngogg (npc)"
"Cooking Quest",1,"review","","npc=1","Ranpi-Monpi (S) (npc)"
"Crafter Points Administration",1,"review","","legacy_wiki=1","Luren (legacy_wiki)"
"Crafter Points NPC",1,"review","","legacy_wiki=1","Tergil (legacy_wiki)"
"Crate",1,"review","","item=1","Crate (item)"
"Cruor Prospector",1,"review","","npc=1","Cruor Prospector (npc)"
"Crystal Storage",1,"review","","npc=1","Ephemeral Moogle (npc)"
"Culinarians' Guildworker's Union NPC",1,"review","","legacy_wiki=1","Qhum Knaidjn (legacy_wiki)"
"Dancer Quest",1,"review","","npc=1","Matthias (npc)"
"Dancer Unlock",1,"review","","npc=1","Laila (npc)"
"Dark Kindred Noble",1,"review","","npc=1","Marquis Amon (npc)"
"Defense Structure",1,"review","","npc=1","Pulse Martello (npc)"
"Delivery Box",1,"review","","npc=1","Meumaude (npc)"
"Delve Entry",1,"review","","npc=1","Anomaly Expert (npc)"
"Delve Entry NPC",1,"review","","legacy_wiki=1","Anomaly Expert (legacy_wiki)"
"Delve Upgrades",1,"review","","npc=1","Benjamien (npc)"
"Diablo Cage Fight Announcer",1,"review","","legacy_wiki=1","Juvenal (legacy_wiki)"
"Diorama Abdhaljs-Ghelsba Officer",1,"review","","legacy_wiki=1","Tillecoe (legacy_wiki)"
"Diorama Officer",1,"review","","npc=1","Tillecoe (npc)"
"Domain Invasion NPC",1,"review","","legacy_wiki=1","Zurim (legacy_wiki)"
"Donation Collector",1,"review","","npc=1","Gajaad (npc)"
"Dragoon AF Quest",1,"review","","npc=1","Ceraulian (npc)"
"Drawbridge Guard",1,"review","","npc=1","Latifah (npc)"
"ENM Information",1,"review","","npc=1","Ophelia (npc)"
"ENM Quest Activator NPC",1,"review","","legacy_wiki=1","Zebada (legacy_wiki)"
"ENM Quest Activator, ENM Reward Exchange NPC",1,"review","","legacy_wiki=1","Venessa (legacy_wiki)"
"ENM Quest Time Checker NPC",1,"review","","legacy_wiki=1","Moritz (legacy_wiki)"
"ENM Quest Timer Checker NPC",1,"review","","legacy_wiki=1","Istvan (legacy_wiki)"
"ENM Reward",1,"review","","npc=1","Venessa (npc)"
"Easter Event",1,"review","","npc=1","Eggbert (npc)"
"Emote Trials",1,"review","","npc=1","Magian Moogl (npc)"
"Engineer",1,"review","","npc=1","Cid (npc)"
"Ergon Locus",1,"review","","item=1","Ergon Locus (item)"
"Escha Guide",1,"review","","npc=1","Nolan (npc)"
"Ethereal Junction",1,"review","","item=1","Ethereal Junction (item)"
"Event Coordinator",1,"review","","npc=1","Charmealaut (npc)"
"Event Services",1,"review","","npc=1","Explorer Moogle (npc)"
"Excavation Point",1,"review","","item=1","Excavation Point (item)"
"Explorer",1,"review","","npc=1","Lord Torresapet B Ordelle (npc)"
"Faded Footprint",1,"review","","item=1","Faded Footprint (item)"
"Fame Checker",1,"review","","npc=1","Civil Registrar (npc)"
"Ferry Access",1,"review","","npc=1","Abihaal (npc)"
"Ferry NPC",1,"review","","npc=1","Ineuteniace (npc)"
"Fish Ranking",1,"review","","npc=1","Chenon (npc)"
"Fish Ranking NPC",1,"review","","legacy_wiki=1","Chenon (legacy_wiki)"
"Fish Trap",1,"review","","item=1","Fish Trap (item)"
"Fishermans' Guild Guildworker's Union NPC",1,"review","","legacy_wiki=1","Fennella (legacy_wiki)"
"Fishing",1,"review","","npc=1","Yahliq (npc)"
"Fishing Competition",1,"review","","npc=1","Reelarik (npc)"
"Fishing Craftsman",1,"review","","npc=1","Panja-Nanja (npc)"
"Fishing Guild Craftsman",1,"review","","legacy_wiki=1","Panja-Nanja (legacy_wiki)"
"Fishing Synthesis Image Support NPC",1,"review","","legacy_wiki=1","Kemha Flasehp (legacy_wiki)"
"Fomor Hate NPC",1,"review","","legacy_wiki=1","Resauchamet (legacy_wiki)"
"Fomor Informant",1,"review","","npc=1","Resauchamet (npc)"
"Fomor Pioneer",1,"review","","npc=1","Shla Kheefid (npc)"
"Food Effect Remover",1,"review","","npc=1","Parike-Poranke (npc)"
"Footprint",1,"review","","item=1","Footprint (item)"
"Former Papsque",1,"review","","npc=1","Muchavatte (npc)"
"Free and Advanced Synthesis Image Support NPC :*Cooking Guild",1,"review","","legacy_wiki=1","Numaaf (legacy_wiki)"
"Free and Advanced Synthesis Image Support NPC :*Smithing Guild",1,"review","","legacy_wiki=1","Macici (legacy_wiki)"
"Fresh Water",1,"review","","item=1","Well (item)"
"Galka NPC",1,"review","","legacy_wiki=1","Festering Wound (legacy_wiki)"
"Gardening",1,"review","","npc=1","Kuu Mohzolhi (npc)"
"General Store",1,"review","","item=1","Door:Taumila's Sundries (item)"
"Geomagnetic Fount",1,"review","","item=1","Geomagnetic Fount (item)"
"Geomancy Instructor",1,"review","","npc=1","Hostenn (npc)"
"Ghost",1,"review","","npc=1","Festering Wound (npc)"
"Ghost Blacksmith",1,"review","","npc=1","Gerwitz (npc)"
"Goblin Informant",1,"review","","npc=1","Fickblix (npc)"
"Gold Musketeer",1,"review","","npc=1","Gold Musketeer Commander Gogol (npc)"
"Goldsmith",1,"review","","npc=1","Ismenios Cutsilver (npc)"
"Goldsmithing Synthesis Image Support NPC",1,"review","","legacy_wiki=1","Rajaaha (legacy_wiki)"
"Great War Recaller",1,"review","","npc=1","Angry Bull (npc)"
"Great War Recaller NPC",1,"review","","legacy_wiki=1","Angry Bull (legacy_wiki)"
"Great War Veteran",1,"review","","npc=1","Zahsa Syalmhaia (npc)"
"Great War Veteran NPC",1,"review","","legacy_wiki=1","Zahsa Syalmhaia (legacy_wiki)"
"Guild Craftsman NPC :*Smithing Guild",1,"review","","legacy_wiki=1","Beadurinc (legacy_wiki)"
"Guildworker's Union NPC *Alchemy",1,"review","","legacy_wiki=1","Hemewmew (legacy_wiki)"
"Guildworker's Union NPC :*Bonecraft",1,"review","","legacy_wiki=1","Samigo-Pormigo (legacy_wiki)"
"Guildworker's Union NPC :*Leathercraft",1,"review","","legacy_wiki=1","Alivatand (legacy_wiki)"
"Guildworker's Union NPC :*Smithing",1,"review","","legacy_wiki=1","Macuillie (legacy_wiki)"
"Guildworker's Union NPC :*Woodworking",1,"review","","legacy_wiki=1","Andreas (legacy_wiki)"
"Happy New Year 2007, Happy New Year 2008, Happy New Year 2009, Happy New Year 2010",1,"review","","legacy_wiki=1","Dilauriome (legacy_wiki)"
"Harbor Guard",1,"review","","npc=1","Somnolent Rooster (npc)"
"Harvest Festival Witch NPC",1,"review","","legacy_wiki=1","Maryse (legacy_wiki)"
"Harvest Point",1,"review","","item=1","Harvest Point (item)"
"Hidden Object",1,"review","","item=1","??? (item)"
"Hidden Passage Guard",1,"review","","npc=1","Sajahb (npc)"
"Ilrusi Assault",1,"review","","npc=1","Meyaada (npc)"
"Immigration NPC NPC",1,"review","","legacy_wiki=1","Beriphaule (legacy_wiki)"
"Informant",1,"review","","npc=1","Blatherix (npc)"
"Information Giver",1,"review","","legacy_wiki=1","Ryo (legacy_wiki)"
"Instance Portal",1,"review","","npc=1","Diaphanous Transposer (npc)"
"Inventors' Coalition",1,"review","","npc=1","Ceciliotte (npc)"
"Inventory Expansion",1,"review","","npc=1","Artisan Moogle (npc)"
"Inventory Quest",1,"review","","npc=1","Bluffnix (npc)"
"Iron Ram Commander",1,"review","","npc=1","Rongelouts N Distaud (S) (npc)"
"Item Deliverer NPC",1,"review","","legacy_wiki=1","Nembet (legacy_wiki)"
"Item Depository NPC",1,"review","","legacy_wiki=1","Olaky-Yayulaky (legacy_wiki)"
"JSE Recycler",1,"review","","npc=1","Makel-Pakel (npc)"
"Kazham Pass",1,"review","","npc=1","Guddal (npc)"
"Key Item NPC",1,"review","","npc=1","Moogle Gatherer (npc)"
"Key Supplier",1,"review","","npc=1","Mashira (npc)"
"King",1,"review","","npc=1","King Destin (npc)"
"Lady-in-Waiting",1,"review","","npc=1","Zubaba (npc)"
"Leathercraft Guild",1,"review","","item=1","Door:Tanners' Guild (item)"
"Leathercraft Guild Master NPC",1,"review","","legacy_wiki=1","Faulpie (legacy_wiki)"
"Leathercraft Support",1,"review","","npc=1","Orechiniel (npc)"
"Legendary Hero",1,"review","","npc=1","Karaha-Baruha (npc)"
"Legion Exchange",1,"review","","npc=1","Mayuyu (npc)"
"Legion Service",1,"review","","npc=1","Saarlan (npc)"
"Legion-NPC",1,"review","","legacy_wiki=1","Saarlan (legacy_wiki)"
"Leujaoam Assault",1,"review","","npc=1","Yahsra (npc)"
"Library Access",1,"review","","npc=1","Eppel-Treppel (npc)"
"Linkpearl Distribution NPCs",1,"review","","legacy_wiki=1","Linkshell Concierge (legacy_wiki)"
"Linkshell Dealer",1,"review","","npc=1","Khel Pahlhama (npc)"
"Linkshell Distributor NPC :*Open from 12:00 - 20:00; Closed on Darksday",1,"review","","legacy_wiki=1","Paunelie (legacy_wiki)"
"Logging Point",1,"review","","item=1","Logging Point (item)"
"Magic Enthusiast",1,"review","","npc=1","Wanja-Daruja (npc)"
"Magic Instructor",1,"review","","npc=1","Diroku-Oroku (npc)"
"Manuscript Room",1,"review","","item=1","Door:Manuscript Room (item)"
"Manustery Minister",1,"review","","npc=1","Apururu (npc)"
"Martello Support",1,"review","","npc=1","Machine Outfitter (npc)"
"Maze Duplication",1,"review","","npc=1","Duplidoc (npc)"
"Mellidopt Trader",1,"review","","npc=1","Lorissa (npc)"
"Mellidopt Wing Trader",1,"review","","legacy_wiki=1","Lorissa (legacy_wiki)"
"Mentor Recruiter NPC",1,"review","","legacy_wiki=1","Kopua-Mobua (legacy_wiki)"
"Mentor Recuiter NPC",1,"review","","legacy_wiki=1","Emeige A.M.A.N. (legacy_wiki)"
"Mercenary Major",1,"review","","npc=1","Perih Vashai (npc)"
"Mercenary Rank",1,"review","","npc=1","Abquhbah (npc)"
"Mercenary Teleport",1,"review","","npc=1","Ajithaam (npc)"
"Mimic NPC",1,"review","","npc=1","Fourth Spitewarden (npc)"
"Mining Point",1,"review","","item=1","Mining Point (item)"
"Mission Ally",1,"review","","npc=1","Lebros Apkallu (npc)"
"Mission Giver NPC",1,"review","","legacy_wiki=1","Tih Pikeh (legacy_wiki)"
"Mission Giver {{Verification",1,"review","","legacy_wiki=1","Puo Rhen (legacy_wiki)"
"Mission Giver; Quest Giver",1,"review","","legacy_wiki=1","Naja Salaheem (legacy_wiki)"
"Mission Ring Replacement",1,"review","","npc=1","Nadeey (npc)"
"Mithra NPC",1,"review","","legacy_wiki=1","Fhara Mashuhba (legacy_wiki)"
"Mog Garden",1,"review","","npc=1","Kuyin Hathdenna (npc)"
"Mog Garden NPC",1,"review","","legacy_wiki=1","Kuyin Hathdenna (legacy_wiki)"
"Monk Quest",1,"review","","npc=1","Dalzakk (npc)"
"Monster Rearing",1,"review","","npc=1","Chacharoon (npc)"
"Monument",1,"review","","item=1","Monument (item)"
"Moogle Companion",1,"review","","npc=1","Kupiruru (npc)"
"Mummers Exchange",1,"review","","npc=1","Masad (npc)"
"Music Selection",1,"review","","npc=1","Ohsi Shomahl (npc)"
"Music changing NPC",1,"review","","legacy_wiki=1","Ohsi Shomahl (legacy_wiki)"
"NPC / Quest Giver",1,"review","","legacy_wiki=1","Nomad Moogle (legacy_wiki)"
"NPC Happy New Year (Year of the Horse e.g. 2014, 2026)",1,"review","","legacy_wiki=1","Mirthful Ixion (legacy_wiki)"
"NPC Happy New Year (Year of the Horse e.g. 2026)",1,"review","","legacy_wiki=1","Gleeful Alicorn (legacy_wiki)"
"NPC Happy New Year 2007",1,"review","","legacy_wiki=1","Jeanparmand (legacy_wiki)"
"Nashmau Access",1,"review","","npc=1","Sajhra (npc)"
"Ninja Quest",1,"review","","npc=1","Ryoma (npc)"
"Ninja Unlock",1,"review","","npc=1","Ensetsu (npc)"
"Norg Leader",1,"review","","npc=1","Gilgamesh (npc)"
"Nyzul Isle Staging Point",1,"review","","item=1","Nyzul Isle Staging Point (item)"
"Nyzul Isle Staging Point NPC",1,"review","","legacy_wiki=1","Shahayl (legacy_wiki)"
"Nyzul Rewards",1,"review","","npc=1","Berangere (npc)"
"Odyssey Entry",1,"review","","item=1","Odyssean Passage (item)"
"Orc Follower",1,"review","","npc=1","Hedrov (npc)"
"Orc General",1,"review","","npc=1","One-eyed Gwajboj (npc)"
"Orc Warchief",1,"review","","npc=1","Kingslayer Doggvdegg (npc)"
"Paladin Unlock",1,"review","","npc=1","Cahaurme (npc)"
"Papal Chambers",1,"review","","item=1","Door:Papal Chambers (item)"
"Papsque",1,"review","","npc=1","Shamonde (npc)"
"Patriarch Protector",1,"review","","npc=1","Patriarch Protector Principal Nyumomo (npc)"
"Physician",1,"review","","npc=1","Monberaux (npc)"
"Pixie Recruiter",1,"review","","npc=1","Turbulent Storm (npc)"
"Planar Rift",1,"review","","item=1","Planar Rift (item)"
"Pop Item NPC",1,"review","","npc=1","Moblin Showman (npc)"
"Port Guard",1,"review","","npc=1","Raging Tiger (npc)"
"Potpourri Exchange",1,"review","","npc=1","Emporox (npc)"
"Prince",1,"review","","npc=1","Trion (npc)"
"Princess",1,"review","","npc=1","Claidie (npc)"
"Prison Guard",1,"review","","npc=1","Mandragora Warden (npc)"
"Proto-Waypoint",1,"review","","item=1","Proto-Waypoint (item)"
"Provides access to Nashmau",1,"review","","legacy_wiki=1","Sajhra (legacy_wiki)"
"Pulse Exchange",1,"review","","npc=1","Ardrick (npc)"
"Puppet NPC",1,"review","","npc=1","Petrino (npc)"
"Puppetmaster Crafting",1,"review","","npc=1","Dhima Polevhia (npc)"
"Puppetmaster Quest",1,"review","","npc=1","Ghatsad (npc)"
"Quest",1,"review","","legacy_wiki=1","Bopa Greso (A) (legacy_wiki)"
"Quest Boss",1,"review","","npc=1","Gambilox Wanderling (npc)"
"Quest Giver / Adventurer's Assistant NPC",1,"review","","legacy_wiki=1","Kuu Mohzolhi (legacy_wiki)"
"Quest Notorious Monster, Cutscene NPC",1,"review","","legacy_wiki=1","Gambilox Wanderling (legacy_wiki)"
"Quest Villain",1,"review","","npc=1","Garazu-Horeizu (npc)"
"REM Upgrades",1,"review","","npc=1","Oboro (npc)"
"Ranger",1,"review","","npc=1","Yow Rabntah (npc)"
"Recommendation Letter",1,"review","","npc=1","Randecque (npc)"
"Reive Trader",1,"review","","npc=1","Runje Desaali (npc)"
"Relic Upgrades",1,"review","","npc=1","Switchstix (npc)"
"Reliquary",1,"review","","item=1","Door:Reliquary (item)"
"Republican Army",1,"review","","npc=1","Derek Karst (npc)"
"Residence Renter NPC",1,"review","","legacy_wiki=1","Shinchai-Tocchai (legacy_wiki)"
"Residential Guard",1,"review","","npc=1","Chapa-Cha (npc)"
"Resistance Information",1,"review","","npc=1","Resistance Sergeant (npc)"
"Retrace Service",1,"review","","npc=1","Saphiriance, T.K. (npc)"
"Reward NPC",1,"review","","npc=1","Reja Ygridhi (npc)"
"Reward Retrieval",1,"review","","item=1","Mystic Retriever (item)"
"Room Renter NPC",1,"review","","legacy_wiki=1","Pulloie (legacy_wiki)"
"Royal Court",1,"review","","npc=1","Halver M Borel (npc)"
"Runic Portal",1,"review","","item=1","Runic Portal (item)"
"Runic Portal Guide",1,"review","","npc=1","Sharin-Garin (npc)"
"Sack",1,"review","","item=1","Sack (item)"
"Sacred Site Guard",1,"review","","npc=1","Musdahl (npc)"
"Samurai Unlock",1,"review","","npc=1","Kurando (npc)"
"Seagull Phratrie",1,"review","","npc=1","Excaliace (npc)"
"Seal Exchange",1,"review","","npc=1","Shemo (npc)"
"Shikaree",1,"review","","npc=1","Shikaree G (npc)"
"Shimmering Circle",1,"review","","item=1","Shimmering Circle (item)"
"Shipping Consortium",1,"review","","npc=1","Wilhelm (npc)"
"Shipping Industry",1,"review","","npc=1","Brugaire (npc)"
"Sigil NPC - Bastok National Campaign Guard",1,"review","","legacy_wiki=1","Millard, I.M. (legacy_wiki)"
"Sigil NPC - San d'Oria National Campaign Guard",1,"review","","legacy_wiki=1","Miliart, T.K. (legacy_wiki)"
"Sigil NPC - Windurst National Campaign Guard",1,"review","","legacy_wiki=1","Mindala-Andola, C.C. (legacy_wiki)"
"Signpost",1,"review","","item=1","Signpost (item)"
"Skirmish",1,"review","","npc=1","Lola (npc)"
"Skirmish Assembly",1,"review","","npc=1","Oston (npc)"
"Skirmish NPC",1,"review","","legacy_wiki=1","Lola (legacy_wiki)"
"Smithing Guild Master",1,"review","","npc=1","Mevreauche (npc)"
"Smithing Guild Master NPC",1,"review","","legacy_wiki=1","Mevreauche (legacy_wiki)"
"Smithing Support",1,"review","","npc=1","Ulycille (npc)"
"Soul Reflector Certification",1,"review","","npc=1","Kadjayhal (npc)"
"Soul Reflector Certification NPC",1,"review","","legacy_wiki=1","Kadjayhal (legacy_wiki)"
"Special Event Coordinator NPC",1,"review","","legacy_wiki=1","Farmaoquaix (legacy_wiki)"
"Squadron Leader",1,"review","","npc=1","Shailham (npc)"
"Strange Apparatus",1,"review","","item=1","Strange Apparatus (item)"
"Sturdy Pyxis",1,"review","","item=1","Sturdy Pyxis (item)"
"Summit Quest Starter",1,"review","","npc=1","Seer Soromai (npc)"
"Survey Information",1,"review","","npc=1","Chamulele (npc)"
"Survey Officer",1,"review","","npc=1","Rienne (npc)"
"Survival Guide",1,"review","","item=1","Survival Guide (item)"
"Synergy Furnace",1,"review","","item=1","Synergy Furnace (item)"
"Synergy Recipes",1,"review","","npc=1","Synergy Enthusiast (npc)"
"Synergy Support",1,"review","","npc=1","Synergy Engineer (npc)"
"Synergy Support & recipe review NPC",1,"review","","legacy_wiki=1","Synergy Engineer (legacy_wiki)"
"Synthesis Image Support NPC :*Clothcraft Guild",1,"review","","legacy_wiki=1","Nikkoko (legacy_wiki)"
"Synthesis Image Support NPC :*Weaver's Guild",1,"review","","legacy_wiki=1","Anillah (legacy_wiki)"
"Tarutaru NPC",1,"review","","legacy_wiki=1","Flasco-Rasco (legacy_wiki)"
"Tavern Staff",1,"review","","npc=1","Katharina (npc)"
"Teleport Crystal",1,"review","","npc=1","Quasilumin (npc)"
"Temple Guard",1,"review","","npc=1","Kabihyam (npc)"
"Test NPC",1,"review","","npc=1","Blank Card (npc)"
"Test Target",1,"review","","npc=1","Macro Test (npc)"
"Tonberry",1,"review","","npc=1","Lourdaude (npc)"
"Tonberry NPC",1,"review","","legacy_wiki=1","Lourdaude (legacy_wiki)"
"Town Crier",1,"review","","npc=1","Geosuke (npc)"
"Treasure Casket",1,"review","","item=1","Treasure Casket (item)"
"Treasure Chest",1,"review","","item=1","Treasure Chest (item)"
"Treasure Coffer",1,"review","","item=1","Treasure Coffer (item)"
"Tunnel Guard",1,"review","","npc=1","Lasthenes (npc)"
"Uncursing",1,"review","","npc=1","Alphollon C Meriard (npc)"
"Unity Concord Leader",1,"review","","legacy_wiki=1","Flaviria (legacy_wiki)"
"Unity Leader",1,"review","","npc=1","Flaviria (npc)"
"Upgrade NPC",1,"review","","npc=1","Mrohk Sahjuuli (npc)"
"Vagary Rewards",1,"review","","npc=1","A.M.A.N. Reclaimer (npc)"
"Vana'bout",1,"review","","npc=1","Coordinator Moogle (npc)"
"Veridical Conflux",1,"review","","item=1","Veridical Conflux (item)"
"Ward Guide",1,"review","","npc=1","Rujen-Gorgen (npc)"
"Waypoint",1,"review","","item=1","Waypoint (item)"
"Wildcat Commander",1,"review","","npc=1","Wildcat General Zhwan (npc)"
"Wildskeeper Entry Item Seller",1,"review","","legacy_wiki=1","Dimmian (legacy_wiki)"
"Windurst Waters map = North|H-9",1,"review","","legacy_wiki=1","Khuta Colaara (legacy_wiki)"
"Wold Transfer NPC",1,"review","","legacy_wiki=1","World Shifter (legacy_wiki)"
"Woodworking Guild Master",1,"review","","npc=1","Cheupirudaux (npc)"
"Woodworking Guild Master NPC",1,"review","","legacy_wiki=1","Cheupirudaux (legacy_wiki)"
"World Transfer",1,"review","","npc=1","World Shifter (npc)"
"Young Griffons",1,"review","","npc=1","Excenmille (S) (npc)"
"ZNM",1,"review","","npc=1","Sanraku (npc)"
"Zone Guard",1,"review","","npc=1","Zwinam (npc)"
"Quest Giver",382,"suggested","Quest NPC","legacy_wiki=88; npc=294","Gaweesh (npc); Eunheem (npc); Duberasson (npc); Tsetseroon (npc); Polly (A) (npc); Ohruru (npc)"
"Conquest Overseer",185,"suggested","Conquest NPC","legacy_wiki=64; npc=121","Ryunchi-Pauchi, W.W. (npc); Prunilla, R.K. (npc); Doladepaiton, R.K. (npc); Butsutsu, W.W. (npc); Rabid Wolf, I.M. (npc); Banege, R.K. (npc)"
"Dialogue NPC",163,"suggested","Other NPC","npc=163","Solgierte (npc); Rumbling Belly (npc); Himura (npc); Parcarin (npc); Matildie (npc); Stout Weir (npc)"
"Quest Giver NPC",138,"suggested","Quest NPC","legacy_wiki=137; npc=1","Balasiel (npc); Antreneau (legacy_wiki); Ohruru (legacy_wiki); Devean (legacy_wiki); Paytah (legacy_wiki); Amchuchu (legacy_wiki)"
"Adventurer's Assistant",101,"suggested","Information NPC","legacy_wiki=26; npc=75","Gournaie (npc); Diradour (npc); Eki Kamalabi (npc); Jack of Clubs (npc); Kaela (npc); Tico Karimakiba (npc)"
"Event NPC",77,"suggested","Seasonal Event NPC","legacy_wiki=42; npc=35","Lunar Rabbit (npc); Aspiring Adventurer (npc); Mandragora Assistant (npc); Event Moogle (npc); Celestia (npc); Moon Rabbit (npc)"
"Item Deliverer",68,"suggested","Delivery Box NPC","legacy_wiki=33; npc=35","Kasra (npc); Karlotte (npc); Mauriri (npc); Opococo (npc); Spasija (npc); Khonzon (npc)"
"Chocobo Renter",59,"suggested","Chocobo NPC","legacy_wiki=29; npc=30","Plaiaude (npc); Amimi (npc); Eulaphe (npc); Guinavie (npc); Mairee (npc); Pucotte (npc)"
"Campaign Battle NPC",49,"suggested","Campaign Battle NPCs","legacy_wiki=49","Patriarch Protector (legacy_wiki); Ariesian Caster (legacy_wiki); Thunder Fiend (legacy_wiki); Wildcat Vanguard (legacy_wiki); Scylla Brigade Healer (legacy_wiki); Ace of Coins (S) (legacy_wiki)"
"Adventurer's Assistant NPC",46,"suggested","Information NPC","legacy_wiki=46","Gournaie (legacy_wiki); Diradour (legacy_wiki); Eki Kamalabi (legacy_wiki); Luthiaque (legacy_wiki); Jack of Clubs (legacy_wiki); Tico Karimakiba (legacy_wiki)"
"Outpost Vendor",36,"suggested","Regional Vendor","legacy_wiki=18; npc=18","Pelogrant (npc); Bartabaq (npc); Harvetour (npc); Mahien-Uhien (npc); Kuleo (npc); Kasim (npc)"
"Auction House",32,"suggested","Auction House Rep.","item=1; npc=31","Atrevaux (npc); Eliot (npc); Wise Wolf (npc); Sojan-Tamjan (npc); Kouang (npc); Cavalgrinne (npc)"
"Traveling Bard",28,"suggested","Title NPC","legacy_wiki=14; npc=14","Willah Maratahya (npc); Koyol-Futenol (npc); Shupah Mujuuk (npc); Bhio Fehriata (npc); Eron-Tomaron (npc); Tamba-Namba (npc)"
"Armor Depository",26,"suggested","Armor Vendor","legacy_wiki=13; npc=13","Pihra Rhebenslo (npc); Tesch Garanjy (npc); Ratonne (npc); Perevie (npc); Hajawaa (npc); Sinon (npc)"
"Quest Associate",19,"suggested","Quest NPC","npc=19","Baunise (npc); Exoroche (npc); Hinaree (npc); Leuveret (npc); Arnau (npc); Clainomille (npc)"
"Quest Starter",19,"suggested","Quest NPC","legacy_wiki=17; npc=2","Pacomart (npc); Tonasav (npc); Tsetseroon (legacy_wiki); Soun Abralah (legacy_wiki); Swift (legacy_wiki); Magephaud (legacy_wiki)"
"Tenshodo Merchant",18,"suggested","Tenshodo Vendor","legacy_wiki=9; npc=9","Amalasanda (npc); Achika (npc); Chiyo (npc); Akamafula (npc); Jabbar (npc); Silver Owl (npc)"
"Synthesis Support",16,"suggested","Synthesis Image Support","npc=16","Rajaaha (npc); Tek Lengyon (npc); Anillah (npc); Nikkoko (npc); Greubaque (npc); Kipopo (npc)"
"Trust Coordinator",13,"suggested","Other NPC","npc=13","Wetata (npc); Clarion Star (npc); Trust: Sakura (npc); Rigobertine (npc); Tonberry Priest (npc); Taillegeas (npc)"
"Warp NPC",13,"suggested","Teleport NPC","legacy_wiki=13","Domenic (legacy_wiki); Sleakachiq (legacy_wiki); Pattsu-Yabittsu (legacy_wiki); Komulili (legacy_wiki); Tonana (legacy_wiki); Alib-Mufalib (legacy_wiki)"
"Map Marker",12,"suggested","Map Viewer","legacy_wiki=6; npc=6","Hugo (npc); Zelala (npc); Nuria (npc); Fariska Lokhmi (npc); Rumoie (npc); Gwinar (npc)"
"Regional Merchant",12,"suggested","Regional Vendor","legacy_wiki=1; npc=11","Galdeo (npc); Fomina (npc); Attarena (npc); Ahyeekih (npc); Baehu-Faehu (npc); Prestapiq (npc)"
"Guild Merchant",11,"suggested","Guild Vendor","legacy_wiki=11","Cehn Teyohngo (legacy_wiki); Mololo (legacy_wiki); Vicious Eye (legacy_wiki); Celestina (legacy_wiki); Pashi Maccaleh (legacy_wiki); Yabby Tanmikey (legacy_wiki)"
"Conquest Overseer - Bastok Outpost Conquest Guard",8,"suggested","Regional Vendor","legacy_wiki=8","Kaya, I.M. (legacy_wiki); Yoshihiro, I.M. (legacy_wiki); Takamoto, I.M. (legacy_wiki); Akane, I.M. (Beaucedine Glacier) (legacy_wiki); Yoram, I.M. (legacy_wiki); Tsunashige, I.M. (legacy_wiki)"
"Conquest Overseer - San d'Oria Outpost Conquest Guard",7,"suggested","Regional Vendor","legacy_wiki=7","Doladepaiton, R.K. (legacy_wiki); Pitoire, R.K. (legacy_wiki); Jeantelas, R.K. (legacy_wiki); Jemmoquel, R.K. (legacy_wiki); Chaplion, R.K. (legacy_wiki); Quanteilleron, R.K. (legacy_wiki)"
"Conquest Overseer - Windurst Outpost Conquest Guard",7,"suggested","Regional Vendor","legacy_wiki=7","Ryunchi-Pauchi, W.W. (legacy_wiki); Tsonga-Hoponga, W.W. (legacy_wiki); Bubchu-Bibinchu, W.W. (legacy_wiki); Kyanta-Pakyanta, W.W. (legacy_wiki); Nyata-Mobuta, W.W. (legacy_wiki); Teldo-Moroldo, W.W. (legacy_wiki)"
"CW Armor Quest",6,"suggested","Armor Vendor","catseye_item=1; catseye_npc=5","Nefari (catseye_npc); Aletta (catseye_npc); Bella (catseye_npc); Gan-Ban (catseye_npc); Cramp (catseye_npc); Faded Footprint (catseye_item)"
"Imperial Gate Guard",6,"suggested","Imperial Standing NPC","legacy_wiki=3; npc=3","Falzuuk (npc); Famatar (npc); Asrahd (npc); Falzuuk (legacy_wiki); Famatar (legacy_wiki); Asrahd (legacy_wiki)"
"Scroll Quest",6,"suggested","Scroll Vendor","npc=6","Vilatroire (npc); Eperdur (npc); Rauteinot (npc); Virnage (npc); Kohlo-Lakolo (npc); Unlucky Rat (npc)"
"Records of Eminence",5,"suggested","Records of Eminence NPC","npc=5","Fhelm Jobeizat (npc); Rolandienne (npc); Isakoth (npc); Eternal Flame (npc); A.M.A.N. Liaison (npc)"
"Armor Storage",4,"suggested","Armor Vendor","catseye_npc=4","Squire Warlock (catseye_npc); Squire Knight (catseye_npc); Squire Guard (catseye_npc); Squire Decurion (catseye_npc)"
"Event Item Storer",4,"suggested","Event Storage NPC","legacy_wiki=4","Poudoruchant (legacy_wiki); Garridan (legacy_wiki); Gallagher (legacy_wiki); Jarafah (legacy_wiki)"
"Outpost Teleporter",4,"suggested","Regional Vendor","legacy_wiki=2; npc=2","Rottata (npc); Conrad (npc); Rottata (legacy_wiki); Conrad (legacy_wiki)"
"Wildcat Recruiter",4,"suggested","Quest NPC","npc=4","Daggao (npc); Cherlodeau (npc); Pomilla (npc); Anilla (npc)"
"Outpost Warp",3,"suggested","Regional Vendor","catseye_npc=3","Emilia (catseye_npc); Emilio (catseye_npc); Emiliu (catseye_npc)"
"Tutorial NPC",3,"suggested","Information NPC","legacy_wiki=3","Gulldago (legacy_wiki); Selele (legacy_wiki); Alaune (legacy_wiki)"
"Blue Mage AF Armour Crafter",2,"suggested","Armor Vendor","legacy_wiki=1; npc=1","Kushdeel (npc); Kushdeel (legacy_wiki)"
"Outpost Teleporter NPC",2,"suggested","Regional Vendor","legacy_wiki=1; npc=1","Jeanvirgaud (npc); Jeanvirgaud (legacy_wiki)"
"Outpost Unlock Quest",2,"suggested","Regional Vendor","catseye_item=1; catseye_npc=1","Disarmed Knight (catseye_npc); Training Supplies (catseye_item)"
"Regional Merchant NPC :*Li'Telor Region",2,"suggested","Regional Vendor","legacy_wiki=2","Attarena (legacy_wiki); Otete (legacy_wiki)"
"Regional Vendor NPC :*Derfland Region",2,"suggested","Regional Vendor","legacy_wiki=2","Taraihi-Perunhi (legacy_wiki); Pourette (legacy_wiki)"
"Regional Vendor NPC :*Elshimo Uplands Region",2,"suggested","Regional Vendor","legacy_wiki=2","Bonmaurieut (legacy_wiki); Sattsuh Ahkanpari (legacy_wiki)"
"Regional Vendor NPC :*Fauregandi Region",2,"suggested","Regional Vendor","legacy_wiki=2","Vichuel (legacy_wiki); Sheia Pohrichamaha (legacy_wiki)"
"Regional Vendor NPC :*Gustaberg Region",2,"suggested","Regional Vendor","legacy_wiki=2","Apairemant (legacy_wiki); Nya Labiccio (legacy_wiki)"
"Regional Vendor NPC :*Kuzotz Region",2,"suggested","Regional Vendor","legacy_wiki=2","Patolle (legacy_wiki); Nhobi Zalkia (legacy_wiki)"
"Regional Vendor NPC :*Norvallen Region",2,"suggested","Regional Vendor","legacy_wiki=2","Machielle (legacy_wiki); Posso Ruhbini (legacy_wiki)"
"Regional Vendor NPC :*Qufim Region",2,"suggested","Regional Vendor","legacy_wiki=2","Millerovieunet (legacy_wiki); Eugballion (legacy_wiki)"
"Regional Vendor NPC :*Valdeaunia Region",2,"suggested","Regional Vendor","legacy_wiki=2","Palguevion (legacy_wiki); Zoreen (legacy_wiki)"
"Regional Vendor NPC :*Vollbow Region",2,"suggested","Regional Vendor","legacy_wiki=2","Millechuca (legacy_wiki); Lebondur (legacy_wiki)"
"Regional Vendor NPC :*Zulkheim Region",2,"suggested","Regional Vendor","legacy_wiki=2","Phamelise (legacy_wiki); Bin Stejihna (legacy_wiki)"
"Title Changer",2,"suggested","Title NPC","npc=2","Debadle-Levadle (npc); Yulon-Polon (npc)"
"Aeonic Weapons",1,"suggested","Weapon Vendor","npc=1","Temprix (npc)"
"Armor Exchange",1,"suggested","Armor Vendor","npc=1","Shelu-Mapelu (npc)"
"Armor Shop",1,"suggested","Armor Vendor","item=1","Door:Rosel's Armour (item)"
"Armor Trials",1,"suggested","Armor Vendor","npc=1","Magian Moogle (blue) (npc)"
"Armor Upgrades",1,"suggested","Armor Vendor","npc=1","Sagheera (npc)"
"Augmented Armor Storage",1,"suggested","Armor Vendor","catseye_npc=1","Squires (catseye_npc)"
"Empyrean Armor",1,"suggested","Armor Vendor","npc=1","Helina (npc)"
"Empyrean Armor NPC",1,"suggested","Armor Vendor","legacy_wiki=1","Helina (legacy_wiki)"
"Information",1,"suggested","Information NPC","npc=1","Ryo (npc)"
"Item Storage",1,"suggested","Armor Storage NPCs","npc=1","Porter Moogle (npc)"
"JSE Weapons",1,"suggested","Weapon Vendor","catseye_npc=1","Oboro (catseye_npc)"
"Map NPC",1,"suggested","Map Vendor","npc=1","Luthiaque (npc)"
"Mog House",1,"suggested","Mog House NPC","npc=1","Moogle (npc)"
"Mog House Guide",1,"suggested","Mog House NPC","npc=1","Fulchia (npc)"
"Prime Weapons",1,"suggested","Weapon Vendor","npc=1","Gama-Shama (npc)"
"RSE Quest",1,"suggested","RSE Vendor","npc=1","Guttrix (npc)"
"Regional Merchant :*Movalpolos Region",1,"suggested","Regional Vendor","legacy_wiki=1","Prestapiq (legacy_wiki)"
"Regional Merchant NPC :*Aragoneu Region",1,"suggested","Regional Vendor","legacy_wiki=1","Maqu Molpih (legacy_wiki)"
"Regional Merchant NPC :*Elshimo Lowlands Region",1,"suggested","Regional Vendor","legacy_wiki=1","Fomina (legacy_wiki)"
"Regional Merchant NPC :*Kolshushu Region",1,"suggested","Regional Vendor","legacy_wiki=1","Ahyeekih (legacy_wiki)"
"Regional Merchant NPC :*Movalpolos Region",1,"suggested","Regional Vendor","legacy_wiki=1","Vendavoq (legacy_wiki)"
"Regional Merchant NPC :*Ronfaure Region",1,"suggested","Regional Vendor","legacy_wiki=1","Jourille (legacy_wiki)"
"Regional Merchant NPC :*Sarutabaruta Region",1,"suggested","Regional Vendor","legacy_wiki=1","Baehu-Faehu (legacy_wiki)"
"Regional Merchant NPC :*Tavnazian Archipelago Region",1,"suggested","Regional Vendor","legacy_wiki=1","Alizabe (legacy_wiki)"
"Regional Vendor NPC (Derfland Region)",1,"suggested","Regional Vendor","legacy_wiki=1","Belka (legacy_wiki)"
"Regional Vendor NPC :*Elshimo Lowlands Region",1,"suggested","Regional Vendor","legacy_wiki=1","Nimia (legacy_wiki)"
"Regional Vendor NPC :*Kolshushu Region",1,"suggested","Regional Vendor","legacy_wiki=1","Fiva (legacy_wiki)"
"Regional Vendor NPC :*Ronfaure Region",1,"suggested","Regional Vendor","legacy_wiki=1","Corua (legacy_wiki)"
"Regional Vendor NPC :*Sarutabaruta Region",1,"suggested","Regional Vendor","legacy_wiki=1","Milva (legacy_wiki)"
"Regional Vendor NPC :*Tavnazian Archipelago Region, Available only to those on CoP chapter 4 (or higher)",1,"suggested","Regional Vendor","legacy_wiki=1","Deguerendars (legacy_wiki)"
"Regional Vendor NPC :Aragoneu Region",1,"suggested","Regional Vendor","legacy_wiki=1","Antonian (legacy_wiki)"
"Relic Weapon Upgrader NPC",1,"suggested","Weapon Vendor","legacy_wiki=1","Switchstix (legacy_wiki)"
"Salvage Armor Exchange",1,"suggested","Armor Vendor","npc=1","Ghanraam (npc)"
"Scroll Storage",1,"suggested","Scroll Vendor","catseye_npc=1","Gramateus (catseye_npc)"
"Tenshodo Chief",1,"suggested","Tenshodo Vendor","npc=1","Aldo (npc)"
"Tenshodo Informant",1,"suggested","Tenshodo Vendor","npc=1","Liki Steligho (npc)"
"Weapon Shop",1,"suggested","Weapon Vendor","item=1","Door:Helbort's Blades (item)"
"Weapon Skill Quest",1,"suggested","Weapon Vendor","npc=1","Novalmauge (npc)"
"Letter Moogle",22,"custom_keep","","catseye_npc=22","Monty (catseye_npc); Mogrika (catseye_npc); Kumop (catseye_npc); Mogtaka (catseye_npc); Moonte (catseye_npc); Mosco (catseye_npc)"
"HELM Unlock Quest",7,"custom_keep","","catseye_item=3; catseye_npc=4","Felyna (catseye_npc); Mathias (catseye_npc); Dadaroon (catseye_npc); Khartes (catseye_npc); Miner's Helmet (catseye_item); Vantage Point (catseye_item)"
"CW Early Gear",6,"custom_keep","","catseye_item=2; catseye_npc=4","Pennana (catseye_npc); Alutanie (catseye_npc); Manusiel (catseye_npc); Ferredec (catseye_npc); Mithra Tracks (catseye_item); Hume Footprint (catseye_item)"
"EXP Guide Unlock",5,"custom_keep","","catseye_item=3; catseye_npc=2","Ash (catseye_npc); Andrus (catseye_npc); Shredded Page (catseye_item); Torn Page (catseye_item); Tattered Page (catseye_item)"
"Goblin Daily",5,"custom_keep","","catseye_npc=5","Fishstix (catseye_npc); Saltlix (catseye_npc); Murdox (catseye_npc); Mistrix (catseye_npc); Beetrix (catseye_npc)"
"Venture Registration",5,"custom_keep","","catseye_npc=5","Orenix (catseye_npc); Woodnox (catseye_npc); Magilox (catseye_npc); Woodnix (catseye_npc); Populox (catseye_npc)"
"CW Intro Quest",4,"custom_keep","","catseye_npc=4","Iron Wolf (catseye_npc); Robineaux (catseye_npc); Erudu-Faludu (catseye_npc); Crystal Warden (catseye_npc)"
"Mog Vault Quest",4,"custom_keep","","catseye_npc=4","Atla (catseye_npc); Mozme (catseye_npc); Serino (catseye_npc); Mochos (catseye_npc)"
"Novice Trial NM",4,"custom_keep","","catseye_item=4","Lost Lockpick (catseye_item); Large Hoofprint (catseye_item); Lost Tongs (catseye_item); Lost Needle (catseye_item)"
"Novice Trials",4,"custom_keep","","catseye_npc=4","Huebald (catseye_npc); Sadoc (catseye_npc); Mellie (catseye_npc); Bobortimer (catseye_npc)"
"CW HELM Quest",3,"custom_keep","","catseye_npc=3","Aesculian (catseye_npc); Iron Digger (catseye_npc); Fha Mhakyaa (catseye_npc)"
"CW Intro Gather",3,"custom_keep","","catseye_item=3","Loose Branch (catseye_item); Brittle Rocks (catseye_item); Dangling Root (catseye_item)"
"CW Issue Recovery",3,"custom_keep","","catseye_item=2; catseye_npc=1","Carnelian (catseye_npc); Crystal Guide (catseye_item); Crystal Guide Book (catseye_item)"
"CW Starting Ring",3,"custom_keep","","catseye_npc=3","Verona (catseye_npc); Moyeyo (catseye_npc); Aeolia (catseye_npc)"
"CW Trust Quest",3,"custom_keep","","catseye_npc=3","Keenajaques (catseye_npc); Reisle (catseye_npc); Sharara (catseye_npc)"
"EXP Guide",3,"custom_keep","","catseye_item=1; catseye_npc=2","EXP Guide (catseye_npc); EXP Guide (S) (catseye_npc); EXP Guide (catseye_item)"
"Referral Concierge",3,"custom_keep","","catseye_npc=3","Una Mhiga R.C. (catseye_npc); Cara R.C. (catseye_npc); Vennoire R.C. (catseye_npc)"
"Summit Offering",3,"custom_keep","","catseye_item=3","Orc Offering (catseye_item); Yagudo Offering (catseye_item); Quadav Offering (catseye_item)"
"Summit Offering Turn-in",3,"custom_keep","","catseye_item=3","Yagudo's Essence (catseye_item); Quadav's Essence (catseye_item); Orc's Essence (catseye_item)"
"System Unlock Quest",3,"custom_keep","","catseye_item=1; catseye_npc=2","Letheb (catseye_npc); Sebastian (catseye_npc); Dirt (catseye_item)"
"Adept Reforging",2,"custom_keep","","catseye_item=1; catseye_npc=1","Adeptus (catseye_npc); Book of Mastery (catseye_item)"
"CW Storage Unlock",2,"custom_keep","","catseye_item=1; catseye_npc=1","Rusty Hammer (catseye_npc); Crooked Trunk (catseye_item)"
"Domain Warp",2,"custom_keep","","catseye_npc=2","Mild Traveler (catseye_npc); Stoic Traveler (catseye_npc)"
"Doubloon Fish Daily",2,"custom_keep","","catseye_item=1; catseye_npc=1","Crooked Jones (catseye_npc); Sinister Stash (catseye_item)"
"Dragonslaying Merit Storage",2,"custom_keep","","catseye_item=1; catseye_npc=1","Dragon Lore (catseye_npc); Dragon Lore (catseye_item)"
"Lv30 Gear Upgrades",2,"custom_keep","","catseye_npc=2","Steel Teeth (catseye_npc); Renovio (catseye_npc)"
"AF+1 Augments",1,"custom_keep","","catseye_npc=1","Vision (catseye_npc)"
"Attachment Fixer",1,"custom_keep","","catseye_npc=1","Geppetto (catseye_npc)"
"Beastcoin Exchange",1,"custom_keep","","catseye_npc=1","Cumetouflaix (catseye_npc)"
"CEXI 1000 Player Event",1,"custom_keep","","catseye_npc=1","Chiliad the Snoll (catseye_npc)"
"CW Arena Entry",1,"custom_keep","","catseye_item=1","Yagudo Tracks (catseye_item)"
"CW Arena Unlock",1,"custom_keep","","catseye_npc=1","Yagudo Outlaw (catseye_npc)"
"CW Content Quest",1,"custom_keep","","catseye_npc=1","Dusty Footprint (catseye_npc)"
"CW Crafting Buff",1,"custom_keep","","catseye_item=1","Campfire (catseye_item)"
"CW Daily Content",1,"custom_keep","","catseye_npc=1","Bagatrix (catseye_npc)"
"CW Daily Reward",1,"custom_keep","","catseye_npc=1","Boboroon (catseye_npc)"
"CW Material Storage",1,"custom_keep","","catseye_item=1","Ephemeral Box (catseye_item)"
"CW Mode Conversion",1,"custom_keep","","catseye_npc=1","Shattering Stone (catseye_npc)"
"CW Mode Services",1,"custom_keep","","catseye_npc=1","Petros (catseye_npc)"
"CW Quest Upgrade",1,"custom_keep","","catseye_npc=1","Ametrine (catseye_npc)"
"CW Reward Recovery",1,"custom_keep","","catseye_npc=1","Nemosyne (catseye_npc)"
"CW Trust Fight",1,"custom_keep","","catseye_item=1","Crystal Anomaly (catseye_item)"
"Collection Rewards",1,"custom_keep","","catseye_npc=1","Myrios (catseye_npc)"
"Curio Unlock Quest",1,"custom_keep","","catseye_npc=1","Shady Dealer (catseye_npc)"
"Daily Box",1,"custom_keep","","catseye_item=1","Gobbie Mystery Box (catseye_item)"
"Daily Rewards",1,"custom_keep","","catseye_npc=1","Goldilox (catseye_npc)"
"Domain Invasion Entry",1,"custom_keep","","catseye_npc=1","Domain Traveler (catseye_npc)"
"Domain Shard Exchange",1,"custom_keep","","catseye_npc=1","Domain Officer (catseye_npc)"
"Dragonslaying DKP",1,"custom_keep","","catseye_npc=1","Sigmund (catseye_npc)"
"Dynamis Augments",1,"custom_keep","","catseye_npc=1","Franz (catseye_npc)"
"Dynamis Currency Storage",1,"custom_keep","","catseye_npc=1","Freya (catseye_npc)"
"EXP Guide (S)",1,"custom_keep","","catseye_item=1","EXP Guide (S) (catseye_item)"
"Fish Rewards",1,"custom_keep","","catseye_npc=1","Marceo (catseye_npc)"
"Garrison & Incursion Rewards",1,"custom_keep","","catseye_npc=1","Garret (catseye_npc)"
"Grand Trials",1,"custom_keep","","catseye_npc=1","Cassie (catseye_npc)"
"Helper Rewards",1,"custom_keep","","catseye_npc=1","Perrin (catseye_npc)"
"Imperial Marks",1,"custom_keep","","catseye_npc=1","Quartermaster (catseye_npc)"
"Imperial Promotion",1,"custom_keep","","catseye_npc=1","Wildcat Captain (catseye_npc)"
"Imperial Vault",1,"custom_keep","","catseye_npc=1","Vault Keeper (catseye_npc)"
"Incursion Exchange",1,"custom_keep","","catseye_npc=1","Imperial Trader (catseye_npc)"
"Incursion Warp",1,"custom_keep","","catseye_npc=1","Imperial Spy (catseye_npc)"
"Item Recycling",1,"custom_keep","","catseye_npc=1","Garbagio (catseye_npc)"
"Job Unlock",1,"custom_keep","","catseye_npc=1","Octavien (catseye_npc)"
"Junk Exchange",1,"custom_keep","","catseye_npc=1","Junknix (catseye_npc)"
"Leafallia Amenities",1,"custom_keep","","catseye_npc=1","Eryndor (catseye_npc)"
"Merit Reset",1,"custom_keep","","catseye_npc=1","Limitrix (catseye_npc)"
"Mog Vault Fight",1,"custom_keep","","catseye_npc=1","Mogster (catseye_npc)"
"Mount Customization",1,"custom_keep","","catseye_npc=1","Riding Thunder (catseye_npc)"
"Mystery Box",1,"custom_keep","","catseye_npc=1","Gobbie Mystery Box (catseye_npc)"
"Organ Storage",1,"custom_keep","","catseye_item=1","Lumorian Gleam (catseye_item)"
"Prestige System",1,"custom_keep","","catseye_npc=1","Prestix (catseye_npc)"
"PvP Teleporter",1,"custom_keep","","catseye_npc=1","Afdeen (catseye_npc)"
"Race Change",1,"custom_keep","","catseye_npc=1","Ancestry Moogle (catseye_npc)"
"Salvage Upgrades",1,"custom_keep","","catseye_npc=1","Irvina (catseye_npc)"
"Sea Dailies",1,"custom_keep","","catseye_npc=1","Palalumin (catseye_npc)"
"Sparks Spell Training",1,"custom_keep","","catseye_npc=1","Wizardoll (catseye_npc)"
"Stronghold Warp",1,"custom_keep","","catseye_npc=1","Portalix (catseye_npc)"
"Summit Global Buffs",1,"custom_keep","","catseye_npc=1","Lanira (catseye_npc)"
"Summit Quest Fight",1,"custom_keep","","catseye_item=1","Nyx's Essence (catseye_item)"
"Summit Target Family",1,"custom_keep","","catseye_npc=1","Mehira (catseye_npc)"
"Summit Tax Rewards",1,"custom_keep","","catseye_npc=1","Soupox (catseye_npc)"
"Summit Token Weekly",1,"custom_keep","","catseye_npc=1","Summit Warden (catseye_npc)"
"Venture Battles",1,"custom_keep","","catseye_npc=1","Brewnix (catseye_npc)"
"Weekly Hunt",1,"custom_keep","","catseye_npc=1","Hunter (catseye_npc)"
"Cutscene NPC",543,"exact_bg","Cutscene NPC","legacy_wiki=255; npc=288","Martial Maestro Megomak (npc); Cyranuce (npc); Bearer of Darkness (npc); Liliroon (npc); Zeelozok (npc); Mufeh Hajrrha (npc)"
"Quest NPC",116,"exact_bg","Quest NPC","catseye_npc=5; legacy_wiki=92; npc=19","Agent M97 (catseye_npc); Megasolus (catseye_npc); Tenebraux (catseye_npc); Pedro (catseye_npc); Lectilas (catseye_npc); Ulbuun (npc)"
"Regional Vendor",59,"exact_bg","Regional Vendor","legacy_wiki=16; npc=43","Zoby Quhyo (npc); Phamelise (npc); Vattian (npc); Patolle (npc); Machielle (npc); Millerovieunet (npc)"
"Mission NPC",38,"exact_bg","Mission NPC","legacy_wiki=36; npc=2","Nhev Befrathi (npc); Eideialc (npc); Chero-Machero (legacy_wiki); Karazahm (legacy_wiki); Judith (legacy_wiki); Lilisette (legacy_wiki)"
"Map Vendor",32,"exact_bg","Map Vendor","legacy_wiki=15; npc=17","Rusese (npc); Mhoji Roccoruh (npc); Riyadahf (npc); Jalah Mistani (npc); Violitte (npc); Promurouve (npc)"
"Gate Guard",12,"exact_bg","Gate Guard","legacy_wiki=1; npc=11","Rashid (npc); Janshura-Rashura (npc); Argus (NPC) (npc); Malduc (npc); Cleades (npc); Mokyokyo (npc)"
"Assault NPC",11,"exact_bg","Assault NPC","legacy_wiki=11","Black Badge Mamool Ja (legacy_wiki); Zahakahm (legacy_wiki); Mamool Ja Governor (legacy_wiki); Qiqirn Diver (legacy_wiki); Qiqirn Chief Diver (legacy_wiki); Yellow Badge Mamool Ja (legacy_wiki)"
"Guild Master",11,"exact_bg","Guild Master","legacy_wiki=4; npc=7","Reinberta (npc); Faulpie (npc); Ghemp (npc); Abd-al-Raziq (npc); Piketo-Puketo (npc); Ponono (npc)"
"Records of Eminence NPC",4,"exact_bg","Records of Eminence NPC","legacy_wiki=4","Fhelm Jobeizat (legacy_wiki); Rolandienne (legacy_wiki); Isakoth (legacy_wiki); Eternal Flame (legacy_wiki)"
"Synthesis Image Support",4,"exact_bg","Synthesis Image Support","legacy_wiki=4","Greubaque (legacy_wiki); Wise Owl (legacy_wiki); Hugues (legacy_wiki); Romero (legacy_wiki)"
"Cutscene Replay",2,"exact_bg","Cutscene Replay","item=1; npc=1","Stepholange (npc); Enigmatic Footprints #1 (item)"
"Armor Vendor",1,"exact_bg","Armor Vendor","npc=1","Sokrov (npc)"
"Delivery Box NPC",1,"exact_bg","Delivery Box NPC","legacy_wiki=1","Meumaude (legacy_wiki)"
"Fame NPC",1,"exact_bg","Fame NPC","legacy_wiki=1","Civil Registrar (legacy_wiki)"
