"kind","name","type","icon","zones","location","note","info","link","worldOffsetY","worldOffsetZ","offsetX","offsetY","anchorBone"
"catseye_npc","Adeptus","Adept Reforging","Event.png","Rabao","Rabao J-6, across from the Auction House","Adept Reforging:\n* Starts repeatable level 65+ job-specific ENM armor augment trials.\n* Speak as the job whose equipment you want to augment.\n* After kill and NM trials, trade armor plus required material to upgrade.","","","","","","",""
"catseye_npc","Aeolia","CW Starting Ring","QuestGiver.png","Southern San d'Oria","Southern San d'Oria M-8","Crystal Warrior:\n* Starts quest: Ring Around the Roses.\n* Rewards San d'Orian Ring.\n* Can be completed regardless of allegiance.","","","","","","",""
"catseye_npc","Aesculian","CW HELM Quest","QuestNPC.png","East Ronfaure","East Ronfaure I-7","Crystal Warrior:\n* Starts quest: Hatchet Job.\n* Level 5 San d'Oria HELM introduction.","","","","","","",""
"catseye_npc","Aether Traveler","Aether Fragment Shop","AetherTraveler.png","Port Jeuno","","Aether Traveler:\n* Weekend shop from Friday JST midnight to Monday JST midnight.\n* Buys and stores Aether Fragments.\n* Weekly requests can earn extra fragments.","","","","","","",""
"catseye_npc","Afdeen","PvP Teleporter","star.png","Upper Jeuno","","","","","","","","",""
"catseye_npc","Agent M97","Quest NPC","QuestNPC.png","","Lower Jeuno","","","","","","","",""
"catseye_npc","Aletta","CW Armor Quest","QuestNPC.png","The Eldieme Necropolis","The Eldieme Necropolis J-8","Crystal Warrior:\n* Level 30 armor quest: Negotiating the Necropolis.\n* Rewards Eisen Armor Set.","","","","","","",""
"catseye_npc","Alternix","HELM Venture Shop","Alternix.png","Upper Jeuno","Upper Jeuno I-11","CatsEyeXI Ventures:\n* Sells items for HELM Venture Points.","","","","","","",""
"catseye_npc","Alutanie","CW Early Gear","QuestGiver.png","Southern San d'Oria","Southern San d'Oria D-8","Crystal Warrior:\n* Starts quest: Saving My Hide.\n* Level 20 early gear quest.","","","","","","",""
"catseye_npc","Ametrine","CW Quest Upgrade","Event.png","Provenance","","Crystal Warrior:\n* Transfers Crystal Warrior quest augments onto crafted HQ versions.\n* Trade the HQ item to see required materials.","","","","","","",""
"catseye_npc","Ancestry Moogle","Race Change","AncestryMoogle.png","Port San d'Oria|Port Bastok|Windurst Walls","","CatsEyeXI:\n* Race, gender, face, hair, and size change service.\n* After changing race or gender, can swap certain armor pieces you can no longer use.","","","","","","",""
"catseye_npc","Andrus","EXP Guide Unlock","QuestNPC.png","Lufaise Meadows","Lufaise Meadows E-8","Near Death Experience:\n* Unlocks the EXP Guide in Lower Jeuno.\n* Find the missing pages in Lufaise Meadows, then defeat Megalomaniac from the Shredded Page.","","","","","","",""
"catseye_npc","Archimedes","CW Starting Quest","QuestNPC.png","Northern San d'Oria","Northern San d'Oria F-6","Crystal Warrior:\n* Starts quest: Staying Afloat.\n* Level 1 starting quest.","","","","","","",""
"catseye_npc","Ash","EXP Guide Unlock","QuestNPC.png","Batallia Downs (S)","Batallia Downs (S) H-5","Blast to the Past:\n* Unlocks the EXP Guide (S) in Ru'Lude Gardens.\n* Find the missing pages in Batallia Downs (S), then defeat Assassin Coq from the Shredded Page.","","","","","","",""
"catseye_npc","Atla","Mog Vault Quest","Event.png","Pso'Xja","Pso'Xja H-8 Map 14","Mog Vault:\n* Initial vault quest moogle.\n* Found near Golden-Tongued Culberry after entering from Beaucedine Glacier N-7.","","","","","","",""
"catseye_npc","Bagatrix","CW Daily Content","QuestNPC.png","Oldton Movalpolos","Oldton Movalpolos G-8","Goblin's Gambit:\n* Repeatable daily Crystal Warrior fight.\n* Trade Gold Beastcoin x4 to start.\n* Choose from rotating attachment, scroll, or trust reward chests after victory.","","","","","","",""
"catseye_npc","Bardus","CW Starting Quest","QuestNPC.png","Port Bastok","Port Bastok K-6","Crystal Warrior:\n* Starts quest: Bug Report.\n* Level 1 Bastok starting quest.","","","","","","",""
"catseye_npc","Beetrix","Goblin Daily","Event.png","Lower Jeuno","Lower Jeuno H-8","CatsEyeXI Dailies:\n* Daily objective: obtain a random item.\n* Rewards Obsidian Fragments and Cosmo-Coins.\n* Trade 50,000 gil, or 15,000 gil on CW, to reset the objective.","","","","","","",""
"catseye_npc","Bella","CW Armor Quest","QuestNPC.png","Crawlers' Nest","Crawlers' Nest J-9","Crystal Warrior:\n* Level 30 armor quest: Navigating the Nest.\n* Rewards Noct Attire Set.","","","","","","",""
"catseye_npc","Boboroon","CW Daily Reward","Event.png","Provenance","","Crystal Warrior:\n* Daily friendship reward NPC.\n* Talk once per earth day for fireworks, cosmetics, food, and friendship progress.\n* Friendship ranks can reward Mog Sack upgrades.","","","","","","",""
"catseye_npc","Bobortimer","Novice Trials","Event.png","Port Bastok","Port Bastok H-6","Novice Trials:\n* Starts no-cooldown equipment augment trials.\n* Can transfer completed NQ augments to crafted HQ versions.\n* Trials may be completed on any job.","","","","","","",""
"catseye_npc","Brewnix","Venture Battles","Brewnix.png","Lower Jeuno","Lower Jeuno I-8, Merry Minstrel Meadhouse","CatsEyeXI Ventures:\n* Starts Gobbie Gathering.\n* Starts Venture Battles.","","","","","","",""
"catseye_npc","Cara R.C.","Referral Concierge","star.png","Bastok Markets","","Refer a Friend:\n* Claims rewards for the CatsEyeXI Refer a Friend program.\n* Referred friends receive leveling rewards.\n* Referrers earn Referral Points for milestone rewards.","","","","","","",""
"catseye_npc","Carnelian","CW Issue Recovery","Event.png","Provenance","","Crystal Warrior:\n* Former recovery service NPC.\n* Current recovery services are handled by the Crystal Guide Book in Provenance.","","","","","","",""
"catseye_npc","Cassie","Grand Trials","Event.png","Tavnazian Safehold","Tavnazian Safehold F-10, near the Auction House","Grand Trials:\n* Offers no-cooldown trials to augment existing equipment.\n* Only one trial may be active at a time; speak to Cassie to cancel.\n* Can transfer NQ augments to HQ crafted items after the current trial is complete.","","","","","","",""
"catseye_npc","Cerdoux","PFP Shop","Cerdoux.png","Upper Jeuno","Upper Jeuno I-10","CatsEyeXI:\n* Sells items for Party Finder Points.\n* PFP is earned by using the CEXI exclusive Party Finder addon.","","","","","","",""
"catseye_npc","Chiliad the Snoll","CEXI 1000 Player Event","Event.png","Ru'Lude Gardens","","CEXI 1000 Player Event:\n* Explains the current Summit Objective monster family.\n* Exchanges Grand Tokens for event rewards.","","","","","","",""
"catseye_npc","Chilly Wolf","CW Starting Quest","QuestNPC.png","Northern San d'Oria","Northern San d'Oria C-9","Crystal Warrior:\n* Starts quest: In Sheep's Clothing.\n* Level 5 San d'Oria starting quest.","","","","","","",""
"catseye_npc","Conchata-Potata","CW Starting Quest","QuestNPC.png","Port Bastok","Port Bastok E-6","Crystal Warrior:\n* Starts quests: That's All Folks, In A Bucket.\n* Level 10 Bastok starting quests.","","","","","","",""
"catseye_npc","Couquillard","CW Starting Quest","QuestNPC.png","Southern San d'Oria","Southern San d'Oria K-6","Crystal Warrior:\n* Starts quest: Hungry Customer.\n* Level 1 San d'Oria starting quest.","","","","","","",""
"catseye_npc","Courier Helper","Holiday Event","Event.png","Bastok Mines|Southern San d'Oria|Windurst Waters","","Holiday Event:\n* Gives the courier mini-game.\n* Find a Lost Present in the field, then return for credit.","","","","","","",""
"catseye_npc","Cramp","CW Armor Quest","QuestNPC.png","Garlaige Citadel","Garlaige Citadel G-8","Crystal Warrior:\n* Level 30 armor quest: Searching the Citadel.\n* Rewards Seer's Attire Set.","","","","","","",""
"catseye_npc","Crooked Jones","Doubloon Fish Daily","CrookedJones.png","Norg","Norg H-8","CatsEyeXI:\n* Level 20+ daily fish turn-in in Norg (H-8).\n* Provides a random fish request for doubloons.\n* Doubloons buy treasure hunt rewards; shovel is recommended around 5000 total.","","","","","","",""
"catseye_npc","Crystal Crunch","Crystal Exchange","CrystalCrunch.png","","","CatsEyeXI:\n* Located near guilds.\n* Exchanges crystals and clusters at a 3-to-1 rate.","","","","","","",""
"catseye_npc","Crystal Warden","CW Intro Quest","Event.png","Provenance","","A Crystal Prelude:\n* Crystal Warrior introductory quest NPC.\n* Talk a couple times to be teleported to your nation starter area.","","","","","","",""
"catseye_npc","Cumetouflaix","Beastcoin Exchange","Cumetouflaix.png","Port Jeuno","Port Jeuno F-8","CatsEyeXI:\n* Stores and exchanges Ancient Beastcoins.\n* Shares stored Ancient Beastcoins with Sagheera in Port Jeuno (I-8).","","","","","","",""
"catseye_npc","Curio Moogle","Curio Shop","CurioMoogle.png","Port San d'Oria|Port Bastok|Port Windurst","","CatsEyeXI:\n* ACE curio shop near port-area Mog Houses.\n* Sells food, medicine, keys, trusts, and other utility items.\n* Some items require Rhapsody key items from Momiji.","","","","","","",""
"catseye_npc","Dadaroon","HELM Unlock Quest","QuestNPC.png","Nashmau","Nashmau H-7","Clink to the Past:\n* Unlocks excavation in Aht Urhgan.\n* Wants Almond x12, then Imperial Gold Piece x5.","","","","","","",""
"catseye_npc","Decrepit S. Lord","Halloween Event","Event.png","Reisenjima Sanctorium","","Halloween Event:\n* Exchanges M. Slime Spirit for Halloween rewards.","","","","","","",""
"catseye_npc","Delivery Helper","Holiday Event","Event.png","Bastok Mines|Southern San d'Oria|Windurst Waters","","Holiday Event:\n* Gives the delivery mini-game.\n* Deliver Kiddie Presents to the requested child NPC, then return for credit.","","","","","","",""
"catseye_npc","Disarmed Knight","Outpost Unlock Quest","QuestNPC.png","Lower Delkfutt's Tower","Lower Delkfutt's Tower E-10, Map 1","Up, Up and Away:\n* Unlocks Emilia's Outpost Teleports.\n* Find Training Supplies in Upper Delkfutt's Tower, then return.","","","","","","",""
"catseye_npc","Domain Officer","Domain Shard Exchange","Merchant.png","Upper Jeuno","Upper Jeuno G-9","Domain Invasion:\n* Exchanges Domain Shards for materials, equipment, accessories, and Aeonic weapon skill unlocks.\n* Can authorize Lesser Domain NM fights for 60,000 shards.\n* Can authorize Greater Domain NM fights for 120,000 shards.","","","","","","",""
"catseye_npc","Domain Traveler","Domain Invasion Entry","DomainTraveler.png","Lower Jeuno","Lower Jeuno, above the Auction House","Domain Invasion:\n* Sends level 75 players to the active Domain Invasion battlefield.\n* Battles rotate through Adoulin zones with a 5 minute cooldown.\n* Also grants daily conquered-domain bonus rewards.","","","","","","",""
"catseye_npc","Dragon Lore","Dragonslaying Merit Storage","Event.png","Ru'Lude Gardens","Ru'Lude Gardens G-9","Dragonslaying:\n* Stores merit points for later DKP pop item purchases.\n* Alternative merit storage to Sigmund in Mhaura.","","","","","","",""
"catseye_npc","Dusty Footprint","CW Content Quest","QuestNPC.png","Oldton Movalpolos","Oldton Movalpolos E-5","Rock Cooking:\n* Repeatable Crystal Warrior content quest.\n* One-time Beastcoin x12 unlock.\n* Enables Smolderoq to cook Igneous Rocks into random gems.","","","","","","",""
"catseye_npc","EXP Guide","EXP Guide","EXPGuide.png","Lower Jeuno","Lower Jeuno Auction House","CatsEyeXI:\n* Free warp book for Signet and Sanction EXP camps.\n* Unlocks after Near Death Experience from Andrus in Lufaise Meadows.\n* Trade 1 gil for a secret menu.\n* Crystal Warriors cannot use this book.","","","","","","",""
"catseye_npc","EXP Guide (S)","EXP Guide","EXPGuideS.png","Ru'Lude Gardens","Ru'Lude Gardens, near the Mog House","CatsEyeXI:\n* Free warp book for Sigil EXP camps.\n* Unlocks after Blast to the Past from Ash in Batallia Downs (S).\n* Trade 1 gil for a secret menu to Xarcabard (S) G-7 near Caracal.\n* Crystal Warriors may use this book.","","","","","","",""
"catseye_npc","Emilia","Outpost Warp","Emilia.png","Lower Jeuno","Lower Jeuno J-7, between the Auction House and Neptune's Spire","CatsEyeXI:\n* Outpost teleport service after Up, Up and Away.\n* Outposts still require normal supply quest unlocks.\n* Can teleport to Aht Urhgan Whitegate after the relevant Lure of the Wildcat quest.","","","","","","",""
"catseye_npc","Emilio","Outpost Warp","Emilio.png","Provenance","Provenance, Crystal Warrior only","Crystal Warrior:\n* Outpost teleport service after Up, Up and Away.\n* Outposts still require normal supply quest unlocks.","","","","","","",""
"catseye_npc","Emiliu","Outpost Warp","Emiliu.png","Aht Urhgan Whitegate","Aht Urhgan Whitegate E-7, near the Auction House","CatsEyeXI:\n* Outpost teleport service after Up, Up and Away.\n* Outposts still require normal supply quest unlocks.","","","","","","",""
"catseye_npc","Erbelie","CW Starting Quest","QuestNPC.png","Port Windurst","Port Windurst G-8","Crystal Warrior:\n* Starts quests: Neck and Neck, Neck and Neck II.\n* Level 10 Windurst starting quests.","","","","","","",""
"catseye_npc","Erudu-Faludu","CW Intro Quest","QuestNPC.png","Toraimarai Canal","Toraimarai Canal","A Crystal Prelude:\n* Windurstian starter NPC.\n* Gives a Sickle, then asks for material from a Dangling Root.\n* Starts the intro NM encounter and warps you out after completion.","","","","","","",""
"catseye_npc","Eryndor","Leafallia Amenities","Event.png","Leafallia","","Summit of the Stars:\n* Introduces Leafallia amenities after Summit access is unlocked.\n* Amenities include Home Point, Outpost Warp, EXP Guides, Domain Traveler, Nomad Moogle, Auction House, Delivery Box, and synthesis support.","","","","","","",""
"catseye_npc","Felyna","HELM Unlock Quest","QuestNPC.png","Mhaura","Mhaura G-9","Broken Bones:\n* Unlocks excavation in Labyrinth of Onzozo.\n* Collect the Buried Note in Fort Karugo-Narugo [S], then return.","","","","","","",""
"catseye_npc","Ferredec","CW Early Gear","QuestNPC.png","Metalworks","Metalworks F-9","Crystal Warrior:\n* Starts quest: Wanting Ore.\n* Level 20 early gear quest.","","","","","","",""
"catseye_npc","Fha Mhakyaa","CW HELM Quest","QuestNPC.png","West Sarutabaruta","West Sarutabaruta G-9","Crystal Warrior:\n* Starts quest: Reaping Rewards.\n* Level 5 Windurst HELM introduction.","","","","","","",""
"catseye_npc","Fishstix","Goblin Daily","Event.png","Lower Jeuno","Lower Jeuno H-8","CatsEyeXI Dailies:\n* Daily objective: find a Secret Chest.\n* Use /huh motion for direction hints.\n* Hints range from Right Next to You to Distant.","","","","","","",""
"catseye_npc","Franz","Dynamis Augments","Event.png","Tavnazian Safehold","Tavnazian Safehold H-8","CatsEyeXI Augmenting:\n* Augments corresponding Dynamis items using Rank Points and stored currency.\n* Required currency is deducted from Freya, the NPC beside him.\n* Requires the matching essence from defeating the Arch zone boss once; check with !essences.","","","","","","",""
"catseye_npc","Freya","Dynamis Currency Storage","Freya.png","Tavnazian Safehold","Tavnazian Safehold H-8, beside Franz","CatsEyeXI Augmenting:\n* Stores currency used by Franz for Dynamis item augments.\n* Freya does not convert or break down currency.\n* Franz deducts the required currency from Freya during augmentation.","","","","","","",""
"catseye_npc","Gan-Ban","CW Armor Quest","QuestNPC.png","Inner Horutoto Ruins","Inner Horutoto Ruins H-8, behind Three Mage Gate","Crystal Warrior:\n* Level 30 armor quest: Horutoto Hakken.\n* Rewards Soil Garb Set.","","","","","","",""
"catseye_npc","Garbagio","Item Recycling","Garbagio.png","Port Jeuno","Port Jeuno I-8","CatsEyeXI:\n* Consumes certain items in exchange for rewards.\n* Trading accepted items raises Garbagio Goodwill.\n* Goodwill ranks can unlock one-time rewards and improve bonus item chances.","","","2.3","","","",""
"catseye_npc","Garret","Garrison & Incursion Rewards","Event.png","Ru'Lude Gardens","Ru'Lude Gardens H-9","CatsEyeXI:\n* Exchanges Garrison Points for items.\n* CW: upgrades Garrison Tunica set and Incursion drops.\n* CW: exchanges Incursion Points for items.","","","","","","",""
"catseye_npc","Geppetto","Attachment Fixer","Geppetto.png","Aht Urhgan Whitegate","Aht Urhgan Whitegate I-6","CatsEyeXI:\n* Exchanges incorrectly coded automaton attachments for the correct versions.\n* Corrected attachments can be traded to Tateeya.\n* Does not exchange out-of-era attachments.","","","","","","",""
"catseye_npc","Gobbie Mystery Box","Mystery Box","GobbieMysteryBox.png","","","CatsEyeXI:\n* Opens random rewards using daily Gobbie Box points.\n* New players must wait 14 real-life days before using the box.\n* Special Gobbie Keys can be obtained by exchanging merit points.\n* Crystal Warriors and Wings Era Warriors cannot use this box.","","","","","","",""
"catseye_npc","Goldilox","Daily Rewards","Goldilox.png","Lower Jeuno","Lower Jeuno H-8","CatsEyeXI Dailies:\n* Opens a daily chest after completing 1-5 daily goblin quests.\n* Exchanges Obsidian Fragments for daily point rewards.\n* Rewards vary by game mode.","","","","","","",""
"catseye_npc","Gramateus","Scroll Storage","Gramateus.png","Upper Jeuno","Upper Jeuno F-7, outside the Marble Bridge Eatery","Crystal Warrior:\n* Retrieves scrolls stored in the Ephemeral Box.","","","","","","",""
"catseye_npc","Hermin-Harmon","CW Starting Quest","QuestNPC.png","Windurst Waters","Windurst Waters F-7","Crystal Warrior:\n* Starts quest: Down to Earth.\n* Level 1 Windurst starting quest.","","","","","","",""
"catseye_npc","Huebald","Novice Trials","Event.png","Port San d'Oria","Port San d'Oria H-7","Novice Trials:\n* Starts no-cooldown equipment augment trials.\n* Can transfer completed NQ augments to crafted HQ versions.\n* Trials may be completed on any job.","","","","","","",""
"catseye_npc","Hunter","Weekly Hunt","Hunter.png","Lower Jeuno","Lower Jeuno I-6","I assign a new notorious \nmonster hunt each week.\n\nNew marks arrive after the\nConquest tally.\n\nRare/Ex ammunition may be\nrecovered for a fee.","","","","","","",""
"catseye_npc","Imperial Spy","Incursion Warp","ImperialSpy.png","Al Zahbi","Al Zahbi G-7","Imperial Incursion:\n* Stores trophies required to start Imperial Incursion.\n* Teleports the party to the corresponding Incursion zone.","","","","","","",""
"catseye_npc","Imperial Trader","Incursion Exchange","ImperialTrader.png","Al Zahbi","Al Zahbi F-6, near the West Gate","Imperial Incursion:\n* Exchanges Incursion materials.","","","","","","",""
"catseye_npc","Iron Digger","CW HELM Quest","QuestNPC.png","Zeruhn Mines","Zeruhn Mines J-9","Crystal Warrior:\n* Starts quest: Mining My Business.\n* Level 5 Bastok HELM introduction.","","","","","","",""
"catseye_npc","Iron Wolf","CW Intro Quest","QuestNPC.png","Dangruf Wadi","Dangruf Wadi","A Crystal Prelude:\n* Bastokan starter NPC.\n* Gives a Pickaxe, then asks for material from Brittle Rocks.\n* Starts the intro NM encounter and warps you out after completion.","","","","","","",""
"catseye_npc","Irvina","Salvage Upgrades","Event.png","Aht Urhgan Whitegate","Aht Urhgan Whitegate K-11","CatsEyeXI:\n* Upgrades completed Salvage armor pieces.\n* Base Salvage armor pieces come from Ghanraam; trade all required items at once.\n* See Salvage Level 75 Rewards for required base items.","","","","","","",""
"catseye_npc","Jeuno Envoy","Conquest Item Vendor","Merchant.png","Ru'Lude Gardens","Ru'Lude Gardens H-9, by the fountain","CatsEyeXI:\n* Sells Conquest items regardless of allegiance.\n* Requires the normal rank for each item.\n* Items cost double normal Conquest Points.","","","","","","",""
"catseye_npc","Junknix","Junk Exchange","Junknix.png","Lower Jeuno","Lower Jeuno H-8","CatsEyeXI:\n* Trades unwanted items for gil and Scraps.\n* Talk first to activate, then trade items.\n* Scraps are used in Junknix's shop.","","","","","","",""
"catseye_npc","Keenajaques","CW Trust Quest","Trust.png","Port San d'Oria","Port San d'Oria G-8","Matter of Trust I:\n* San d'Oria level 10 Trust quest giver.\n* Sends you to inspect the Crystal Anomaly in La Theine Plateau (L-8).","","","","","","",""
"catseye_npc","Khartes","HELM Unlock Quest","QuestNPC.png","Selbina","Selbina I-9, Shepherd's Muster","Here Be Dragons:\n* Unlocks mining in Gustav Tunnel.\n* Use the Miner's Helmet in Gustav Tunnel D-11 to spawn Ore Melter, then return.","","","","","","",""
"catseye_npc","Kumop","Letter Moogle","Event.png","Rolanberry Fields","By Fountain of Partings","Mog Vault:\n* Weekly letter moogle / Kupo Nut trade target.\n* Only three letter moogles spawn each week.","","","","","","",""
"catseye_npc","Lanira","Summit Global Buffs","Event.png","Leafallia","","Summit of the Stars:\n* Lets the top linkshell leader activate a server-wide Summit buff.\n* Buffs can be changed every 4 hours and cost Linkshell Points.\n* Only players who completed Summit of the Stars benefit from the buffs.","","","","","","",""
"catseye_npc","Lectilas","Quest NPC","QuestNPC.png","","Upper Jeuno","","","","","","","",""
"catseye_npc","Letheb","System Unlock Quest","QuestNPC.png","Lower Jeuno","Lower Jeuno H-9, Waag-Deeg's Magic shop","Finding Nemosyne:\n* Unlocks Nemosyne's reward recovery services.\n* Collect water in Dragon's Aery G-7, then return.","","","","","","",""
"catseye_npc","Limitrix","Merit Reset","Limitrix.png","Lower Jeuno","Lower Jeuno, goblin shop","CatsEyeXI:\n* WEW-only merit reset service.\n* Resets spent merits once per level-75 job.\n* Can hold refunded merits that exceed your cap.","","","","","","",""
"catseye_npc","Magilox","Venture Registration","QuestGiver.png","Windurst Woods","Windurst Woods K-13","CatsEyeXI Ventures:\n* Registers players for the Goblin Venture Guild.\n* Registration costs 5000 gil.","","","","","","",""
"catseye_npc","Manusiel","CW Early Gear","QuestNPC.png","Selbina","Selbina I-9 / J-9","Crystal Warrior:\n* Starts quests: Helping Hands and Rolling with Punches.\n* Level 20 early gear quests in Selbina.","","","","","","",""
"catseye_npc","Marceo","Fish Rewards","Marceo.png","Norg","Norg H-9","CatsEyeXI:\n* Level 15+ fish reward NPC in Norg (H-9).\n* Trade eligible fish for rewards.","","","","","","",""
"catseye_npc","Mathias","HELM Unlock Quest","QuestNPC.png","Metalworks","Metalworks I-9, Presidential Aide's Office","Thread Bare:\n* Unlocks harvesting in Crawlers' Nest.\n* Investigate the Vantage Point at Crawlers' Nest J-9, then return.","","","","","","",""
"catseye_npc","Megasolus","Quest NPC","QuestNPC.png","","North San d'Oria","","","","","","","",""
"catseye_npc","Mehira","Summit Target Family","Event.png","Leafallia","","Summit of the Stars:\n* Shows the current monster family kill objective.\n* Target families rotate automatically every four hours.","","","","","","",""
"catseye_npc","Mellie","Novice Trials","Event.png","Selbina","Selbina H-7","Novice Trials:\n* Starts no-cooldown equipment augment trials.\n* Can transfer completed NQ augments to crafted HQ versions.\n* Trials may be completed on any job.","","","","","","",""
"catseye_npc","Mild Traveler","Domain Warp","MildTraveler.png","Upper Jeuno","Upper Jeuno Home Point #3","Domain Invasion:\n* Warps level 75 players to the currently active Domain Invasion battle.\n* Same function as Domain Traveler.\n* Warp is free after completing two or more dailies.","","","","","","",""
"catseye_npc","Mimoza","Letter Moogle","Event.png","Ve'Lugannon Palace","Ve'Lugannon Palace H-7","Mog Vault:\n* Weekly letter moogle / Kupo Nut trade target.\n* Enter from Ru'Aun #2, then go to basement via F.","","","","","","",""
"catseye_npc","Mistrix","Goblin Daily","Event.png","Lower Jeuno","Lower Jeuno H-8","CatsEyeXI Dailies:\n* Daily objective: craft and sign a random item.\n* HQ counts, but grants no extra points.\n* Trade gil to reset if the request is too difficult.","","","","","","",""
"catseye_npc","Mnejing","PUP Attachment Shop","Mnejing.png","Aht Urhgan Whitegate","Aht Urhgan Whitegate G-10","CatsEyeXI:\n* Puppetmaster attachment shop.\n* Accepts Puppetmaster AF commission trades.\n* Can complete Corsair AF3 for Corsair's Tricorne.","","","","","","",""
"catseye_npc","Mochos","Mog Vault Quest","Event.png","Newton Movalpolos","Newton Movalpolos G-8","Mog Vault:\n* Initial vault quest moogle.\n* Reach by warping to the mine shaft from Twinkbrix, then working west.","","","","","","",""
"catseye_npc","Moggy","Mog Vault Shop","Event.png","Kazham","","Mog Vault:\n* Starts and completes the initial Mog Vault quest in Kazham (H-9).\n* Opens Moggy's Mogshop after the vault is unlocked.\n* Trades Kupo Kudos for vault expansions and rewards.","","","","","","",""
"catseye_npc","Mogki","Letter Moogle","Event.png","Airship, Bastok - Jeuno","","Mog Vault:\n* Weekly letter moogle / Kupo Nut trade target.\n* Found on the Bastok to Jeuno airship.","","","","","","",""
"catseye_npc","Mogmi","Letter Moogle","Event.png","Sea Serpent Grotto","Sea Serpent Grotto G-10 Map 3","Mog Vault:\n* Weekly letter moogle / Kupo Nut trade target.\n* Through the Mythril Door.","","","","","","",""
"catseye_npc","Mogret","Letter Moogle","Event.png","Yuhtunga Jungle","Yuhtunga Jungle K-7","Mog Vault:\n* Weekly letter moogle / Kupo Nut trade target.\n* Near the Ash Dragon exit from Ifrit's Cauldron.","","","","","","",""
"catseye_npc","Mogrich","Letter Moogle","Event.png","The Eldieme Necropolis","The Eldieme Necropolis E-6 Map 2","Mog Vault:\n* Weekly letter moogle / Kupo Nut trade target.\n* Bottom right of E-6, entrance 7 from Beaucedine Glacier side.","","","","","","",""
"catseye_npc","Mogrika","Letter Moogle","Event.png","Kamihr Drifts","Back of the Domain Invasion arena","Mog Vault:\n* Weekly letter moogle / Kupo Nut trade target.","","","","","","",""
"catseye_npc","Mogryo","Letter Moogle","Event.png","Stellar Fulcrum","","Mog Vault:\n* Weekly letter moogle / Kupo Nut trade target.","","","","","","",""
"catseye_npc","Mogster","Mog Vault Fight","Event.png","Mount Zhayolm","","Mog Vault:\n* Quest fight target in Mount Zhayolm (F-9).\n* Everyone at this quest step should speak to Mogster before the fight starts for credit.","","","","","","",""
"catseye_npc","Mogsy","Letter Moogle","Event.png","Riverne - Site B01","Riverne - Site B01 C-10","Mog Vault:\n* Weekly letter moogle / Kupo Nut trade target.\n* Near the monument.","","","","","","",""
"catseye_npc","Mogtaka","Letter Moogle","Event.png","The Sanctuary of Zi'Tah","The Sanctuary of Zi'Tah I-10","Mog Vault:\n* Weekly letter moogle / Kupo Nut trade target.\n* After exiting via Dragon's Aery.","","","","","","",""
"catseye_npc","Moguel","Letter Moogle","Event.png","Caedarva Mire","Caedarva Mire K-6 Map 1","Mog Vault:\n* Weekly letter moogle / Kupo Nut trade target.\n* Near the rams, via Arrapago Reef exit 6.","","","","","","",""
"catseye_npc","Mogwin","Letter Moogle","Event.png","Morimar Basalt Fields","Back of the Domain Invasion arena","Mog Vault:\n* Weekly letter moogle / Kupo Nut trade target.","","","","","","",""
"catseye_npc","Mois","Letter Moogle","Event.png","Uleguerand Range","North side cave below western ramp","Mog Vault:\n* Weekly letter moogle / Kupo Nut trade target.\n* Slide off the north side of the western ramp to land by the cave.","","","","","","",""
"catseye_npc","Monty","Letter Moogle","Event.png","Jugner Forest","King Arthro area","Mog Vault:\n* Weekly letter moogle / Kupo Nut trade target.","","","","","","",""
"catseye_npc","Moodon","Letter Moogle","Event.png","Airship, San d'Oria - Jeuno","","Mog Vault:\n* Weekly letter moogle / Kupo Nut trade target.\n* Found on the San d'Oria to Jeuno airship.","","","","","","",""
"catseye_npc","Mooel","Letter Moogle","Event.png","The Shrine of Ru'Avitau","Before Mother Globe room","Mog Vault:\n* Weekly letter moogle / Kupo Nut trade target.","","","","","","",""
"catseye_npc","Moonte","Letter Moogle","Event.png","Bostaunieux Oubliette","Bostaunieux Oubliette K-7 Map 2","Mog Vault:\n* Weekly letter moogle / Kupo Nut trade target.\n* In the vampire room.","","","","","","",""
"catseye_npc","Moorock","Letter Moogle","Event.png","Aydeewa Subterrane","Aydeewa Subterrane J-10 Map 2","Mog Vault:\n* Weekly letter moogle / Kupo Nut trade target.\n* Enter via Wajaom Woodlands entrance 9, then follow path I.","","","","","","",""
"catseye_npc","Mopli","Letter Moogle","Event.png","Hall of the Gods","Past Cerulean Gate","Mog Vault:\n* Weekly letter moogle / Kupo Nut trade target.\n* Bottom of the teleporter room.","","","","","","",""
"catseye_npc","Mosco","Letter Moogle","Event.png","Airship, Windurst - Jeuno","","Mog Vault:\n* Weekly letter moogle / Kupo Nut trade target.\n* Found on the Windurst to Jeuno airship.","","","","","","",""
"catseye_npc","Moyeyo","CW Starting Ring","QuestGiver.png","Windurst Woods","Windurst Woods K-11","Crystal Warrior:\n* Starts quest: Give Me a Ring.\n* Rewards Windurstian Ring.\n* Can be completed regardless of allegiance.","","","","","","",""
"catseye_npc","Mozme","Mog Vault Quest","Event.png","Escha - Ru'Aun","Escha - Ru'Aun H-9","Mog Vault:\n* Initial vault quest moogle.\n* Trade an X-Potion, X-Potion +1, +2, or +3.","","","","","","",""
"catseye_npc","Mugmug","Letter Moogle","Event.png","Yorcia Weald","","Mog Vault:\n* Weekly letter moogle / Kupo Nut trade target.","","","","","","",""
"catseye_npc","Murdox","Goblin Daily","Event.png","Lower Jeuno","Lower Jeuno H-8","CatsEyeXI Dailies:\n* Daily objective: defeat a selected type and quantity of monster.\n* A player or their trusts must defeat it for credit.\n* Party members outside your trust credit do not count.","","","","","","",""
"catseye_npc","Myrios","Collection Rewards","Myrios.png","Lower Jeuno","Lower Jeuno J-8, Tenshodo","CatsEyeXI:\n* Item collection NPC.\n* Complete collection sets for unique rewards.\n* Sea collection unlocks Vision organ exchange support.","","","","","","",""
"catseye_npc","Nazna","Letter Moogle","Event.png","Ship bound for Al Zahbi","","Mog Vault:\n* Weekly letter moogle / Kupo Nut trade target.\n* Found on the Nashmau to Whitegate ship.","","","","","","",""
"catseye_npc","Neavias","CW Starting Quest","QuestNPC.png","Bastok Markets","Bastok Markets H-9","Crystal Warrior:\n* Starts quest: Birdsearch.\n* Level 5 Bastok starting quest.","","","","","","",""
"catseye_npc","Nefari","CW Armor Quest","QuestNPC.png","East Ronfaure","East Ronfaure K-4","Crystal Warrior:\n* Level 30 armor quest: Running on the Range.\n* Rewards Garish Attire Set.","","","","","","",""
"catseye_npc","Nemosyne","CW Reward Recovery","Event.png","Provenance","","Crystal Warrior:\n* Restores lost or discarded unique quest rewards.\n* Crystal Warrior quest rewards keep their original augments.","","","","","","",""
"catseye_npc","Oboro","JSE Weapons","Oboro.png","","","CatsEyeXI:\n* Creates job-specific weapons in exchange for materials.","","","","","","",""
"catseye_npc","Octavien","Job Unlock","QuestNPC.png","","Bastok Markets","","","","","","","",""
"catseye_npc","Orenix","Venture Registration","QuestGiver.png","Bastok Mines","Bastok Mines I-9","CatsEyeXI Ventures:\n* Registers players for the Goblin Venture Guild.\n* Registration costs 5000 gil.","","","","","","",""
"catseye_npc","Palalumin","Sea Dailies","Palalumin.png","Grand Palace of Hu'Xzoi","Grand Palace of Hu'Xzoi H-8","CatsEyeXI:\n* Sea daily quest NPC.\n* Cerdoux's Cosmo-Tessera can be traded here for instant daily credit.","","","","","","",""
"catseye_npc","Pedro","Quest NPC","QuestNPC.png","","Port Jeuno","","","","","","","",""
"catseye_npc","Pennana","CW Early Gear","QuestNPC.png","Windurst Woods","Windurst Woods G-12","Crystal Warrior:\n* Starts quest: Feather Forecast.\n* Level 20 early gear quest.","","","","","","",""
"catseye_npc","Perah Celehsi","CW Starting Quest","QuestNPC.png","Windurst Woods","Windurst Woods J-8","Crystal Warrior:\n* Starts quest: Only the Dose.\n* Level 1 Windurst starting quest.","","","","","","",""
"catseye_npc","Perara","CW Starting Quest","QuestNPC.png","Windurst Waters","Windurst Waters E-9","Crystal Warrior:\n* Starts quests: Say Peas, Get Cracking.\n* Windurst starting gear quests.","","","","","","",""
"catseye_npc","Perrin","Helper Rewards","Perrin.png","Port Jeuno","","Crystal Warrior:\n* Offers helper rewards in Port Jeuno (J-8).\n* Rewards are based on how many times you have given assistance.\n* Milestone points are not lost after redeeming.","","","","","","",""
"catseye_npc","Petros","CW Mode Services","Event.png","Provenance","","Crystal Warrior:\n* Intro and Unbreakable Mode choice.\n* Milestone rewards from total EXP loss.\n* Return service and Prestige access at CW Master.","","","","","","",""
"catseye_npc","Picklox","CW Key Vendor","Picklox.png","Upper Jeuno","Upper Jeuno G-7, outside M&P's Market","Crystal Warrior:\n* Sells Garrison Pass.\n* Sells Goblin Keyring.","","","","","","",""
"catseye_npc","Populox","Venture Registration","Populox.png","Upper Jeuno","Upper Jeuno I-11","CatsEyeXI Ventures:\n* Registers players for the Goblin Venture Guild.\n* Registration costs 5000 gil.","","","","","","",""
"catseye_npc","Portalix","Stronghold Warp","Portalix.png","Lower Jeuno","Lower Jeuno H-9, Muckvix's Junk Shop","Gobbie Travels:\n* Unlocks Portalix stronghold teleports.\n* Requires Seedspall Astrum, Luna, and Lux.\n* Teleports to Beadeaux, Castle Oztroja, and Davoi after unlock.","","","","","","",""
"catseye_npc","Prestix","Prestige System","Prestix.png","Upper Jeuno","Upper Jeuno I-10","CatsEyeXI:\n* Allows characters to prestige jobs.\n* Prestige unlocks universal bonuses.","","","","","","",""
"catseye_npc","Puluki-Culuki","CW Starting Quest","QuestNPC.png","Port Windurst","Port Windurst B-4","Crystal Warrior:\n* Starts quest: Rustling Feathers.\n* Level 5 Windurst starting quest.","","","","","","",""
"catseye_npc","Quartermaster","Imperial Marks","Quartermaster.png","Al Zahbi","Al Zahbi G-7, moat on the West Gate side","Imperial Incursion:\n* Sells items for Imperial Marks.\n* Imperial Marks come from Tier 3 Imperial Incursion bosses and some other mobs.","","","","","","",""
"catseye_npc","Reisle","CW Trust Quest","Trust.png","Bastok Markets","Bastok Markets H-5","Matter of Trust I:\n* Bastok level 10 Trust quest giver.\n* Sends you to inspect the Crystal Anomaly in Konschtat Highlands (K-5).","","","","","","",""
"catseye_npc","Renovio","Lv30 Gear Upgrades","Renovio.png","Selbina","","CatsEyeXI:\n* Upgrades custom augmented level 30 gearsets to +1.\n* Pairs with Steel Teeth in Mhaura.","","","","","","",""
"catseye_npc","Riding Thunder","Mount Customization","Event.png","Upper Jeuno","","Crystal Warrior:\n* Applies unlocked mount appearances to your Chocobo Whistle mount.\n* Skins come from Incursions, Kupo Kudos, Grand Tokens, and other unlocks.","","","","","","",""
"catseye_npc","Robineaux","CW Intro Quest","QuestNPC.png","King Ranperre's Tomb","King Ranperre's Tomb","A Crystal Prelude:\n* San d'Orian starter NPC.\n* Gives a Hatchet, then asks for material from a Loose Branch.\n* Starts the intro NM encounter and warps you out after completion.","","","","","","",""
"catseye_npc","Ruspix","Summit AP Shop","Ruspix.png","Leafallia","","Summit of the Stars:\n* Spends personal Activity Points on prizes.\n* Sells NM pop items for Linkshell Points to authorized linkshell members.\n* Points spent do not affect daily AP cap or linkshell contribution.","","","","","","",""
"catseye_npc","Rusty Hammer","CW Storage Unlock","QuestNPC.png","Northern San d'Oria","Northern San d'Oria E-3","Boxed Up:\n* Unlocks the Ephemeral Box for Crystal Warriors.\n* Bring required logs/materials, then inspect the Crooked Trunk in Carpenters' Landing.","","","","","","",""
"catseye_npc","Sadoc","Novice Trials","Event.png","Port Windurst","Port Windurst L-6","Novice Trials:\n* Starts no-cooldown equipment augment trials.\n* Can transfer completed NQ augments to crafted HQ versions.\n* Trials may be completed on any job.","","","","","","",""
"catseye_npc","Saltlix","Goblin Daily","Event.png","Lower Jeuno","Lower Jeuno H-8","CatsEyeXI Dailies:\n* Daily objective: defeat a notorious monster.\n* Rewards Obsidian Fragments and Cosmo-Coins.\n* Trade gil to reset if the request is too difficult.","","","","","","",""
"catseye_npc","Sebastian","System Unlock Quest","QuestNPC.png","Lower Jeuno","Lower Jeuno I-7, Tenshodo front desk","Digging Up Dirt:\n* Unlocks Domenic's BCNM teleports.\n* Visit Balga's Dias, Waughroon Shrine, and Horlais Peak BCNM rooms and inspect the Dirt.","","","","","","",""
"catseye_npc","Serino","Mog Vault Quest","Event.png","Airship, Jeuno - Kazham","","Mog Vault:\n* Initial vault quest moogle on the Jeuno to Kazham airship.","","","","","","",""
"catseye_npc","Shady Dealer","Curio Unlock Quest","QuestNPC.png","Port Bastok","Port Bastok K-13","Out of Stock:\n* Unlocks Curio Vendor Moogle wares for ACE/WEW if you do not have the Rhapsody key item.\n* Requests Flint Stone x12, Beetle Shell, and Copper Ore.","","","","","","",""
"catseye_npc","Sharara","CW Trust Quest","Trust.png","Windurst Walls","Windurst Walls K-6","Matter of Trust I:\n* Windurst level 10 Trust quest giver.\n* Sends you to inspect the Crystal Anomaly in Tahrongi Canyon (I-5).","","","","","","",""
"catseye_npc","Shattering Stone","CW Mode Conversion","Event.png","Mhaura","","Crystal Warrior:\n* Converts Unbreakable Crystal Warriors to Standard after using the Crystal Guide Book.\n* Trade a Faded Crystal.\n* There is no changing back to Unbreakable.","","","","","","",""
"catseye_npc","Shining Stone","CW Starting Quest","QuestNPC.png","Bastok Mines","Bastok Mines K-7","Crystal Warrior:\n* Starts quest: Chasing Tails.\n* Level 1 Bastok starting quest.","","","","","","",""
"catseye_npc","Sigmund","Dragonslaying DKP","Event.png","Mhaura","Mhaura I-8, Sailors Stay first floor","Dragonslaying:\n* Completes the Dragonslayer intro after the Zi'Tah Pile of Stones step.\n* Stores merit points for DKP pop item purchases.\n* Buys and sells Dragonslaying items for DKP.","","","","","","",""
"catseye_npc","Sinister Moon","CW Starting Quest","QuestNPC.png","Bastok Mines","Bastok Mines K-6","Crystal Warrior:\n* Starts quests: Buzz Off, Buzz Kill.\n* Bastok starting gear quests.","","","","","","",""
"catseye_npc","Somnelius","CW Starting Quest","QuestNPC.png","West Ronfaure","West Ronfaure H-5","Crystal Warrior:\n* Starts quests: On Guard, On Watch.\n* San d'Oria starting gear quests.","","","","","","",""
"catseye_npc","Soupox","Summit Tax Rewards","Merchant.png","Leafallia","","Summit of the Stars:\n* Allows the winning linkshell owner to claim Auction House taxes from Leafallia.\n* Only linkshell owners can interact with this service.","","","","","","",""
"catseye_npc","Squire Decurion","Armor Storage","Squires.png","Bastok Markets","Bastok Markets H-7","Stores Relic +1 armor.\n\nAugments are preserved\nand returned unchanged.","","","0.25","","","",""
"catseye_npc","Squire Guard","Armor Storage","Squires.png","Ru'Lude Gardens","Ru'Lude Gardens I-10","Stores Relic +1 armor.\n\nAugments are preserved\nand returned unchanged.","","","","","","",""
"catseye_npc","Squire Knight","Armor Storage","Squires.png","Northern San d'Oria","Northern San d'Oria K-9","Stores Relic +1 armor.\n\nAugments are preserved\nand returned unchanged.","","","","","","",""
"catseye_npc","Squire Warlock","Armor Storage","Squires.png","Windurst Waters","Windurst Waters L-10","Stores Relic +1 armor.\n\nAugments are preserved\nand returned unchanged.","","","","","","",""
"catseye_npc","Squires","Augmented Armor Storage","Squires.png","","","CatsEyeXI:\n* Store armor sets, including augmented items.\n* Individual pieces may be traded; complete sets are not required.\n* Includes Squire Knight, Squire Decurion, Squire Warlock, Squire Guard, and Crystal Squire.","","","","","","",""
"catseye_npc","Steel Teeth","Lv30 Gear Upgrades","SteelTeeth.png","Mhaura","","CatsEyeXI:\n* Upgrades custom augmented level 30 gearsets to +1.\n* Pairs with Renovio in Selbina.","","","","","","",""
"catseye_npc","Stoic Traveler","Domain Warp","StoicTraveler.png","Celennia Memorial Library","Celennia Memorial Library, Wings-Era Warrior only","Domain Invasion:\n* Warps level 75 players to the currently active Domain Invasion battle.\n* Same function as Domain Traveler.\n* Exclusive to Wings-Era Warrior mode.","","","","","","",""
"catseye_npc","Summit Warden","Summit Token Weekly","SummitWarden.png","Windurst Waters (S)","Windurst Waters (S) E-8","Summit of the Stars:\n* Gives one free Apex, Pinnacle, or Apogee token at random each week.\n* Tokens are used with Ygnas for temporary August or Shantotto II trust access.","","","","","","",""
"catseye_npc","Sylvie","GEO Spell Shop","Sylvie.png","Ru'Lude Gardens","Ru'Lude Gardens H-5","CatsEyeXI:\n* Opens Geomancer magic shop after GEO unlock.\n* Sells level-75-customized GEO spells.","","","","","","",""
"catseye_npc","Tenebraux","Quest NPC","QuestNPC.png","","Northern San d'Oria","","","","","","","",""
"catseye_npc","Teodor","Chair Shop","Merchant.png","Throne Room","","CatsEyeXI:\n* Custom chair furnishing shop.\n* Sells chairs whose crafting recipes are not yet coded.","","","","","","",""
"catseye_npc","Una Mhiga R.C.","Referral Concierge","star.png","Windurst Woods","","Refer a Friend:\n* Claims rewards for the CatsEyeXI Refer a Friend program.\n* Referred friends receive leveling rewards.\n* Referrers earn Referral Points for milestone rewards.","","","","","","",""
"catseye_npc","Vault Keeper","Imperial Vault","VaultKeeper.png","Al Zahbi","Al Zahbi F-6, near West Gate","CatsEyeXI:\n* Opens the Imperial Vault with Vault Points.\n* Points are likely earned from the Imperial Vault quest.","","","","","","",""
"catseye_npc","Vennoire R.C.","Referral Concierge","star.png","Southern San d'Oria","","Refer a Friend:\n* Claims rewards for the CatsEyeXI Refer a Friend program.\n* Referred friends receive leveling rewards.\n* Referrers earn Referral Points for milestone rewards.","","","","","","",""
"catseye_npc","Verona","CW Starting Ring","QuestGiver.png","Bastok Markets","Bastok Markets K-9","Crystal Warrior:\n* Starts quest: Running Rings Around.\n* Rewards Bastokan Ring.\n* Can be completed regardless of allegiance.","","","","","","",""
"catseye_npc","Vision","AF+1 Augments","Vision.png","Port Jeuno","Port Jeuno I-8, next to Sagheera","CatsEyeXI:\n* Augments AF+1 armor after you obtain the base piece.\n* Uses organs from Sea.\n* Each attempt overwrites the previous augment.","","","","","","",""
"catseye_npc","Wildcat Armorer","Assault Gear Vendor","WildcatArmorer.png","Aht Urhgan Whitegate","Aht Urhgan Whitegate K-10","Crystal Warrior:\n* Sells Assault Point gear for Nyzul Isle Investigation Tokens.\n* Used because Assaults are not fully functional.","","","","","","",""
"catseye_npc","Wildcat Captain","Imperial Promotion","WildcatCaptain.png","Aht Urhgan Whitegate","Aht Urhgan Whitegate K-10","CatsEyeXI:\n* Promotion service based on Aht Urhgan Missions progress.","","","","","","",""
"catseye_npc","Wizardoll","Sparks Spell Training","Wizardoll.png","Southern San d'Oria|Bastok Markets|Windurst Woods","","CatsEyeXI:\n* Teaches spells directly in exchange for Sparks of Eminence.\n* Does not require LB1 or Rank 5 Sparks store unlock.\n* ACE can also buy low-level Eminence armor after Rank 4.","","","","","","",""
"catseye_npc","Woodnix","Venture Registration","QuestGiver.png","Southern San d'Oria","Southern San d'Oria I-11","CatsEyeXI Ventures:\n* Registers players for the Goblin Venture Guild.\n* Registration costs 5000 gil.","","","","","","",""
"catseye_npc","Woodnox","Venture Registration","QuestGiver.png","Southern San d'Oria","Southern San d'Oria I-11","CatsEyeXI Ventures:\n* Registers players for the Goblin Venture Guild.\n* Registration costs 5000 gil.","","","","","","",""
"catseye_npc","Wrapping Helper","Holiday Event","Event.png","Bastok Mines|Southern San d'Oria|Windurst Waters","","Holiday Event:\n* Gives the wrapping mini-game.\n* Find the correct present from Starlight Box enemies, then return for credit.","","","","","","",""
"catseye_npc","Yagudo Outlaw","CW Arena Unlock","QuestNPC.png","Castle Oztroja","Castle Oztroja I-9","Crystal Warrior:\n* Unlocks and manages the level 50 Yagudo Arena.\n* Trade 7-Knot Quipu and 13-Knot Quipu to unlock.\n* Silver Beastcoins are the recurring entry cost.","","","","","","",""
"catseye_npc","Ygnas","Summit AP Shop & Warp","Ygnas.png","Ru'Lude Gardens","Ru'Lude Gardens I-10, Mog House entrance","Summit of the Stars:\n* Spends personal Activity Points on prizes.\n* Authorizes temporary August or Shantotto II trust access for eligible linkshells.\n* CW/UCW teleport service back to Leafallia.","","","","","","",""
